product_id,video_resolution_1 (pixels),video_fps_1 (fps),video_resolution_2 (pixels),video_fps_1 (fps),video_resolution_3 (pixels),video_fps_1 (fps)
59254,8294400.0,24 ,8294400.0,30 ,2073600.0,25
76439,N/A,N/A,N/A,N/A,N/A,N/A
59294,33177600.0,30,2073600.0,240,N/A,N/A
59257,8294400.0,24 ,921600.0,N/A,N/A,N/A
59258,8294400.0,24 ,8294400.0,30 ,8294400.0,100 
65919,33177600.0,30,N/A,120,N/A,N/A
43151,8294400.0,60 ,921600.0,30 ,N/A,N/A
74613,33177600.0,30,N/A,120,N/A,N/A
53706,2073600.0,30,N/A,N/A,N/A,N/A
76443,N/A,N/A,N/A,N/A,N/A,N/A
36242,8294400.0,30,2073600.0,24,N/A,60
43152,921600.0,30,2073600.0,30,N/A,30
45053,8294400.0,60,8294400.0,60,N/A,N/A
82082,N/A,N/A,N/A,N/A,N/A,N/A
65920,8294400.0,60,N/A,120,N/A,N/A
57499,33177600.0,30,2073600.0,240,N/A,N/A
43150,8294400.0,60 ,921600.0,30 ,N/A,N/A
67006,8294400.0,60 ,921600.0,30 ,N/A,N/A
57497,921600.0,30,8294400.0,60,33177600.0,30
66374,921600.0,30,N/A,N/A,N/A,N/A
73651,8294400.0,24,921600.0,30,N/A,30
72332,2073600.0,30,921600.0,30,N/A,N/A
85247,2073600.0,30,N/A,N/A,N/A,N/A
87242,N/A,N/A,N/A,N/A,N/A,N/A
67378,921600.0,30,2073600.0,30,N/A,30
77853,2073600.0,30,N/A,N/A,N/A,N/A
72303,2073600.0,30,N/A,N/A,N/A,N/A
82062,2073600.0,30,N/A,N/A,N/A,N/A
52291,2073600.0,30,N/A,N/A,N/A,N/A
80473,8294400.0,30,N/A,N/A,N/A,N/A
16520,8294400.0,24 ,N/A,60 ,N/A,N/A
51996,8294400.0,60,8294400.0,60,N/A,N/A
57154,8294400.0,60,N/A,N/A,N/A,N/A
53193,8294400.0,30,N/A,N/A,N/A,N/A
59255,8294400.0,24 ,8294400.0,30 ,2073600.0,25
68861,8294400.0,60 ,921600.0,30 ,N/A,N/A
90116,8294400.0,24 ,8294400.0,30 ,8294400.0,100 
82256,N/A,60,N/A,N/A,N/A,N/A
83012,N/A,N/A,N/A,N/A,N/A,N/A
56076,33177600.0,24,8294400.0,30,2073600.0,N/A
31495,8294400.0,24,921600.0,30,N/A,24
58612,8294400.0,60,N/A,N/A,N/A,N/A
59293,33177600.0,30,2073600.0,240,N/A,N/A
66467,8294400.0,60,N/A,N/A,N/A,N/A
83010,N/A,N/A,N/A,N/A,N/A,N/A
68863,8294400.0,60 ,921600.0,30 ,N/A,N/A
53270,2073600.0,30,N/A,N/A,N/A,N/A
70839,2073600.0,30,N/A,N/A,N/A,N/A
53194,921600.0,120,2073600.0,30,N/A,N/A
52305,8294400.0,N/A,N/A,N/A,N/A,N/A
90118,8294400.0,24 ,921600.0,N/A,N/A,N/A
53269,8294400.0,30,N/A,N/A,N/A,N/A
68866,921600.0,30,2073600.0,30,N/A,30
68859,8294400.0,60 ,921600.0,30 ,N/A,N/A
67555,2073600.0,30,N/A,N/A,N/A,N/A
60621,33177600.0,30,2073600.0,920,2073600.0,N/A
64832,2073600.0,30,N/A,N/A,N/A,N/A
62299,33177600.0,24,2073600.0,920,N/A,N/A
18071,N/A,N/A,N/A,N/A,N/A,N/A
72334,2073600.0,30,921600.0,30,N/A,N/A
72749,33177600.0,30,2073600.0,240,N/A,N/A
72333,N/A,N/A,N/A,N/A,N/A,N/A
36485,8294400.0,24,2073600.0,60,N/A,60
18388,8294400.0,24 ,N/A,60 ,N/A,N/A
24746,8294400.0,60,8294400.0,60,N/A,30
60617,33177600.0,24,2073600.0,960,N/A,N/A
88564,N/A,60,N/A,N/A,N/A,N/A
72748,33177600.0,30,2073600.0,240,N/A,N/A
72328,2073600.0,30,N/A,N/A,N/A,N/A
69512,921600.0,30,N/A,N/A,N/A,N/A
72750,33177600.0,30,2073600.0,240,N/A,N/A
90478,2073600.0,30,N/A,N/A,N/A,N/A
86450,2073600.0,30,N/A,N/A,N/A,N/A
88446,2073600.0,30,N/A,N/A,N/A,N/A
42973,33177600.0,24,2073600.0,240,N/A,N/A
60880,8294400.0,30,N/A,N/A,N/A,N/A
72337,N/A,30 ,N/A,N/A,N/A,N/A
82915,N/A,N/A,N/A,N/A,N/A,N/A
72331,N/A,N/A,N/A,N/A,N/A,N/A
73016,2073600.0,30,N/A,N/A,N/A,N/A
27473,8294400.0,60,8294400.0,60,N/A,60
75815,2073600.0,30,N/A,N/A,N/A,N/A
83041,8294400.0,120,N/A,N/A,N/A,N/A
84107,33177600.0,24,8294400.0,30,2073600.0,N/A
68864,8294400.0,60 ,921600.0,30 ,N/A,N/A
44936,2073600.0,30,N/A,N/A,N/A,N/A
65136,N/A,N/A,N/A,N/A,N/A,N/A
72211,921600.0,30,N/A,N/A,N/A,N/A
73942,8294400.0,30,N/A,N/A,N/A,N/A
42337,921600.0,60,2073600.0,60,8294400.0,60
75812,N/A,30,N/A,N/A,N/A,N/A
64877,N/A,N/A,N/A,N/A,N/A,N/A
33487,8294400.0,60,921600.0,30,N/A,N/A
60401,2073600.0,30,N/A,N/A,N/A,N/A
71982,N/A,N/A,N/A,N/A,N/A,N/A
59595,2073600.0,30,N/A,N/A,N/A,N/A
64927,N/A,30,N/A,N/A,N/A,N/A
84613,33177600.0,30,N/A,120,N/A,N/A
51999,8294400.0,60,8294400.0,60,N/A,N/A
74864,2073600.0,30,N/A,30,N/A,N/A
65137,N/A,N/A,N/A,N/A,N/A,N/A
72330,N/A,N/A,N/A,N/A,N/A,N/A
91445,N/A,N/A,N/A,N/A,N/A,N/A
89225,2073600.0,30,N/A,N/A,N/A,N/A
73650,N/A,30,N/A,N/A,N/A,N/A
83040,8294400.0,30,N/A,N/A,N/A,N/A
74179,N/A,30,N/A,30,N/A,N/A
39411,8294400.0,30,2073600.0,30,N/A,N/A
62717,921600.0,30,N/A,N/A,N/A,N/A
86449,N/A,N/A,N/A,N/A,N/A,N/A
58610,8294400.0,30,N/A,30,N/A,480
35033,8294400.0,30,2073600.0,30,N/A,N/A
67726,N/A,N/A,N/A,N/A,N/A,N/A
61508,2073600.0,30,N/A,N/A,N/A,N/A
79120,2073600.0,30,N/A,30,N/A,N/A
78051,N/A,N/A,N/A,N/A,N/A,N/A
87123,2073600.0,30,N/A,N/A,N/A,N/A
90117,8294400.0,24 ,8294400.0,30 ,8294400.0,100 
82889,N/A,30 ,N/A,N/A,N/A,N/A
77301,2073600.0,30,N/A,N/A,N/A,N/A
73771,N/A,N/A,N/A,N/A,N/A,N/A
90115,8294400.0,24 ,8294400.0,30 ,2073600.0,25
59734,921600.0,30,2073600.0,30,N/A,60
29796,8294400.0,30,N/A,N/A,N/A,N/A
36486,8294400.0,30,2073600.0,60,921600.0,N/A
84612,33177600.0,30,N/A,120,N/A,N/A
65638,2073600.0,30,N/A,N/A,N/A,N/A
90120,8294400.0,24 ,921600.0,N/A,N/A,N/A
63068,2073600.0,30,N/A,N/A,N/A,N/A
33626,2073600.0,30,N/A,N/A,N/A,N/A
78197,2073600.0,30,N/A,N/A,N/A,N/A
90306,N/A,N/A,N/A,N/A,N/A,N/A
88459,2073600.0,30,N/A,30,N/A,N/A
56698,N/A,N/A,N/A,N/A,N/A,N/A
84614,8294400.0,60,N/A,120,N/A,N/A
79220,8294400.0,30,N/A,N/A,N/A,N/A
64928,N/A,30,N/A,N/A,N/A,N/A
51797,2073600.0,30,N/A,N/A,N/A,N/A
42153,8294400.0,60,N/A,N/A,N/A,N/A
58855,921600.0,120,921600.0,30,N/A,N/A
90677,N/A,N/A,N/A,N/A,N/A,N/A
90112,N/A,N/A,N/A,N/A,N/A,N/A
66832,N/A,N/A,N/A,N/A,N/A,N/A
60927,2073600.0,30,N/A,N/A,N/A,N/A
55753,2073600.0,30,N/A,N/A,N/A,N/A
86448,2073600.0,30,N/A,N/A,N/A,N/A
50676,2073600.0,24,2073600.0,60,921600.0,30
90114,8294400.0,24 ,8294400.0,30 ,2073600.0,25
25863,8294400.0,60,8294400.0,60,N/A,60
59593,N/A,N/A,N/A,N/A,N/A,N/A
54152,2073600.0,30,N/A,N/A,N/A,N/A
68168,N/A,N/A,N/A,N/A,N/A,N/A
62088,2073600.0,30,N/A,N/A,N/A,N/A
79064,2073600.0,30,N/A,N/A,N/A,N/A
17018,8294400.0,30,N/A,N/A,N/A,N/A
83931,921600.0,30,N/A,N/A,N/A,N/A
59736,921600.0,30,2073600.0,30,N/A,240
41145,2073600.0,30,N/A,N/A,N/A,N/A
49374,2073600.0,30,N/A,N/A,N/A,N/A
90119,8294400.0,24 ,921600.0,N/A,N/A,N/A
90675,2073600.0,30,N/A,N/A,N/A,N/A
33644,8294400.0,30,N/A,N/A,N/A,N/A
85820,921600.0,30,N/A,N/A,N/A,N/A
80254,N/A,N/A,N/A,N/A,N/A,N/A
86542,2073600.0,30,N/A,30,N/A,N/A
44939,2073600.0,30,N/A,N/A,N/A,N/A
90676,N/A,N/A,N/A,N/A,N/A,N/A
64828,921600.0,30,N/A,N/A,N/A,N/A
63898,2073600.0,30,N/A,N/A,N/A,N/A
53189,2073600.0,30,N/A,N/A,N/A,N/A
79802,N/A,N/A,N/A,N/A,N/A,N/A
39195,2073600.0,30,921600.0,30,921600.0,60
52293,N/A,30,N/A,30,N/A,N/A
48952,8294400.0,60,921600.0,960,N/A,N/A
64066,2073600.0,30,N/A,N/A,N/A,N/A
79801,N/A,N/A,N/A,N/A,N/A,N/A
82236,2073600.0,30,N/A,N/A,N/A,N/A
72735,N/A,30,N/A,30,N/A,N/A
74388,N/A,N/A,N/A,N/A,N/A,N/A
92113,8294400.0,24 ,8294400.0,30 ,8294400.0,100 
36639,2073600.0,60,8294400.0,30,921600.0,N/A
90113,N/A,N/A,N/A,N/A,N/A,N/A
50751,2073600.0,30,N/A,N/A,N/A,N/A
74096,2073600.0,30,N/A,N/A,N/A,N/A
79219,2073600.0,30,N/A,N/A,N/A,N/A
54445,2073600.0,30,N/A,N/A,N/A,N/A
54484,N/A,30,N/A,30,N/A,N/A
91339,N/A,N/A,N/A,N/A,N/A,N/A
50350,33177600.0,30,2073600.0,60,921600.0,60
57498,33177600.0,30,2073600.0,240,N/A,N/A
88631,N/A,N/A,N/A,N/A,N/A,N/A
89100,N/A,N/A,N/A,N/A,N/A,N/A
25864,8294400.0,60,8294400.0,60,N/A,60
33485,8294400.0,60,921600.0,30,N/A,N/A
45051,8294400.0,24 ,921600.0,30 ,33177600.0,25 
44930,33177600.0,30,2073600.0,240,N/A,N/A
62296,8294400.0,960,2073600.0,N/A,N/A,N/A
46352,8294400.0,30,N/A,N/A,N/A,N/A
27451,8294400.0,60,8294400.0,60,N/A,30
36499,8294400.0,60,921600.0,30,N/A,N/A
67556,8294400.0,30,N/A,N/A,N/A,N/A
32364,33177600.0,24,2073600.0,240,N/A,N/A
51990,8294400.0,24 ,921600.0,30 ,33177600.0,25 
44342,2073600.0,30,N/A,30,33177600.0,30
39188,8294400.0,30,921600.0,30,N/A,N/A
49700,N/A,N/A,N/A,N/A,N/A,N/A
55687,8294400.0,30,921600.0,960,N/A,N/A
51997,8294400.0,60,8294400.0,60,N/A,N/A
36243,8294400.0,30,2073600.0,60,921600.0,N/A
88715,N/A,N/A,N/A,N/A,N/A,N/A
55754,33177600.0,30,2073600.0,240,N/A,N/A
68862,8294400.0,60 ,921600.0,30 ,N/A,N/A
65313,33177600.0,30,N/A,N/A,N/A,N/A
49745,33177600.0,24,2073600.0,960,N/A,N/A
33627,33177600.0,24,2073600.0,240,N/A,N/A
42019,8294400.0,60,N/A,N/A,N/A,N/A
52306,8294400.0,N/A,N/A,N/A,N/A,N/A
30746,8294400.0,30,N/A,N/A,N/A,N/A
38610,33177600.0,24,N/A,N/A,N/A,N/A
78605,2073600.0,30,N/A,N/A,N/A,N/A
61511,2073600.0,60,8294400.0,30,921600.0,N/A
60676,2073600.0,30,N/A,N/A,N/A,N/A
32667,8294400.0,60,N/A,N/A,N/A,N/A
71941,8294400.0,60,N/A,N/A,N/A,N/A
36492,8294400.0,60,921600.0,30,N/A,N/A
49746,8294400.0,30,N/A,N/A,N/A,N/A
49381,8294400.0,60,2073600.0,30,2073600.0,24
35034,33177600.0,30,2073600.0,60,N/A,N/A
49793,33177600.0,24,2073600.0,920,2073600.0,N/A
62238,8294400.0,30,N/A,N/A,N/A,N/A
25217,8294400.0,60,33177600.0,24,2073600.0,240
41493,8294400.0,60,N/A,N/A,N/A,N/A
27478,8294400.0,60,8294400.0,60,N/A,60
44533,8294400.0,60,2073600.0,60,921600.0,30
33630,8294400.0,30,33177600.0,30,2073600.0,N/A
65918,N/A,N/A,N/A,N/A,N/A,N/A
68867,8294400.0,60 ,921600.0,30 ,N/A,N/A
77855,2073600.0,30,N/A,N/A,N/A,N/A
57237,2073600.0,30,N/A,N/A,N/A,N/A
42898,2073600.0,30,N/A,N/A,N/A,N/A
32366,33177600.0,24,2073600.0,240,N/A,N/A
33640,2073600.0,30,N/A,N/A,N/A,N/A
42339,8294400.0,60,921600.0,960,N/A,N/A
50348,33177600.0,24,N/A,N/A,N/A,N/A
75775,N/A,N/A,N/A,N/A,N/A,N/A
28517,8294400.0,60,921600.0,960,N/A,N/A
51995,8294400.0,60,8294400.0,60,N/A,N/A
73396,33177600.0,30,2073600.0,240,N/A,N/A
39407,N/A,N/A,N/A,N/A,N/A,N/A
61666,N/A,30,N/A,30,N/A,N/A
35920,8294400.0,30,921600.0,960,N/A,N/A
57320,921600.0,30,N/A,N/A,N/A,N/A
84464,N/A,N/A,N/A,N/A,N/A,N/A
82067,2073600.0,30,8294400.0,30,N/A,N/A
90941,N/A,N/A,N/A,N/A,N/A,N/A
64264,2073600.0,30,N/A,N/A,N/A,N/A
42974,33177600.0,24,2073600.0,240,N/A,N/A
57372,33177600.0,24,2073600.0,240,N/A,N/A
81359,N/A,N/A,N/A,N/A,N/A,N/A
70735,N/A,N/A,N/A,N/A,N/A,N/A
75778,N/A,N/A,N/A,N/A,N/A,N/A
71547,N/A,N/A,N/A,N/A,N/A,N/A
60343,2073600.0,30,N/A,N/A,N/A,N/A
64834,8294400.0,30,N/A,30,N/A,30
59296,8294400.0,60,2073600.0,960,N/A,N/A
55071,8294400.0,60,N/A,N/A,N/A,N/A
56074,8294400.0,30,921600.0,960,N/A,N/A
57708,2073600.0,30,N/A,N/A,N/A,N/A
28025,33177600.0,24,2073600.0,240,N/A,N/A
62014,8294400.0,30,N/A,N/A,N/A,N/A
84472,N/A,N/A,N/A,N/A,N/A,N/A
60619,N/A,N/A,N/A,N/A,N/A,N/A
78903,2073600.0,30,N/A,N/A,N/A,N/A
83579,N/A,N/A,N/A,N/A,N/A,N/A
75800,8294400.0,30,N/A,N/A,N/A,N/A
36493,8294400.0,60,921600.0,30,N/A,N/A
38621,2073600.0,60,8294400.0,30,8294400.0,30
50200,33177600.0,24,2073600.0,960,N/A,N/A
83340,N/A,N/A,N/A,N/A,N/A,N/A
48337,2073600.0,30,N/A,N/A,N/A,N/A
66931,N/A,30,N/A,N/A,N/A,N/A
12436,N/A,30,2073600.0,120,N/A,N/A
61834,N/A,30,N/A,N/A,N/A,N/A
84477,N/A,N/A,N/A,N/A,N/A,N/A
72210,N/A,N/A,N/A,N/A,N/A,N/A
77856,N/A,N/A,N/A,N/A,N/A,N/A
55068,8294400.0,60,N/A,N/A,N/A,N/A
72201,N/A,N/A,N/A,N/A,N/A,N/A
59598,8294400.0,60 ,921600.0,60 ,N/A,N/A
66377,N/A,N/A,N/A,N/A,N/A,N/A
36501,8294400.0,60,921600.0,30,N/A,N/A
62012,33177600.0,N/A,2073600.0,N/A,N/A,N/A
55930,33177600.0,24,2073600.0,960,N/A,N/A
89099,921600.0,120,N/A,N/A,N/A,N/A
64073,N/A,N/A,N/A,N/A,N/A,N/A
77505,33177600.0,30,2073600.0,60,N/A,N/A
51983,8294400.0,24,921600.0,30,N/A,24
35084,N/A,N/A,N/A,N/A,N/A,N/A
73393,33177600.0,N/A,2073600.0,N/A,N/A,N/A
89224,33177600.0,30,N/A,120,N/A,N/A
79117,2073600.0,30,N/A,N/A,N/A,N/A
48949,33177600.0,24,N/A,N/A,N/A,N/A
57253,8294400.0,60,N/A,N/A,N/A,N/A
72207,8294400.0,60,921600.0,960,N/A,N/A
58609,N/A,N/A,N/A,N/A,N/A,N/A
55511,8294400.0,60,N/A,N/A,N/A,N/A
72113,N/A,N/A,N/A,N/A,N/A,N/A
56134,N/A,N/A,N/A,N/A,N/A,N/A
88563,N/A,N/A,N/A,N/A,N/A,N/A
88452,N/A,N/A,N/A,N/A,N/A,N/A
66929,N/A,30,N/A,N/A,N/A,N/A
78048,N/A,N/A,N/A,N/A,N/A,N/A
82061,921600.0,30,N/A,N/A,N/A,N/A
50258,8294400.0,60,2073600.0,960,N/A,N/A
83341,N/A,N/A,N/A,N/A,N/A,N/A
54285,8294400.0,60,N/A,N/A,N/A,N/A
63276,8294400.0,30,N/A,N/A,N/A,N/A
61801,8294400.0,60,N/A,N/A,N/A,N/A
78379,921600.0,30,N/A,N/A,N/A,N/A
87124,921600.0,30,N/A,N/A,N/A,N/A
49629,8294400.0,30,N/A,N/A,N/A,N/A
55763,921600.0,120,N/A,N/A,N/A,N/A
83038,N/A,N/A,N/A,N/A,N/A,N/A
63450,N/A,N/A,N/A,N/A,N/A,N/A
89107,N/A,30,2073600.0,30,N/A,N/A
49114,N/A,N/A,N/A,N/A,N/A,N/A
73551,N/A,N/A,N/A,N/A,N/A,N/A
72114,N/A,30,N/A,N/A,N/A,N/A
49112,2073600.0,30,N/A,N/A,N/A,N/A
53443,2073600.0,30,N/A,N/A,N/A,N/A
71548,N/A,N/A,N/A,N/A,N/A,N/A
53192,N/A,N/A,N/A,N/A,N/A,N/A
82060,2073600.0,30,N/A,N/A,N/A,N/A
73017,921600.0,30,N/A,N/A,N/A,N/A
35897,8294400.0,60 ,921600.0,30,N/A,N/A
90480,N/A,N/A,N/A,N/A,N/A,N/A
54449,N/A,N/A,N/A,N/A,N/A,N/A
66932,N/A,30,N/A,N/A,N/A,N/A
81357,N/A,N/A,N/A,N/A,N/A,N/A
49260,2073600.0,30,N/A,N/A,N/A,N/A
28959,N/A,N/A,N/A,N/A,N/A,N/A
85242,N/A,N/A,N/A,N/A,N/A,N/A
62208,2073600.0,30,N/A,N/A,N/A,N/A
86565,N/A,30 ,N/A,N/A,N/A,N/A
55509,8294400.0,60,N/A,N/A,N/A,N/A
64268,8294400.0,30,N/A,N/A,N/A,N/A
85458,N/A,N/A,N/A,N/A,N/A,N/A
63188,8294400.0,30,N/A,N/A,N/A,N/A
59589,8294400.0,30,N/A,N/A,N/A,N/A
64327,N/A,30,N/A,N/A,N/A,N/A
72198,33177600.0,24,2073600.0,960,N/A,N/A
46376,33177600.0,30,2073600.0,60,N/A,N/A
65917,N/A,N/A,N/A,N/A,N/A,N/A
85279,N/A,N/A,N/A,N/A,N/A,N/A
87082,921600.0,30,N/A,N/A,N/A,N/A
60677,N/A,N/A,N/A,N/A,N/A,N/A
25663,2073600.0,30,33177600.0,24,2073600.0,960
55079,8294400.0,60,2073600.0,960,N/A,N/A
62305,2073600.0,30,N/A,N/A,N/A,N/A
26380,33177600.0,30,2073600.0,960,N/A,N/A
27852,8294400.0,30,N/A,N/A,N/A,N/A
72199,8294400.0,30,921600.0,960,N/A,N/A
81322,921600.0,30,N/A,N/A,N/A,N/A
66376,N/A,N/A,N/A,N/A,N/A,N/A
53774,33177600.0,24,2073600.0,60,N/A,N/A
55933,8294400.0,30,N/A,N/A,N/A,N/A
55756,8294400.0,30,921600.0,960,N/A,N/A
85263,N/A,N/A,N/A,N/A,N/A,N/A
73955,2073600.0,30,N/A,N/A,N/A,N/A
67045,8294400.0,60,N/A,N/A,N/A,N/A
55514,8294400.0,60,N/A,N/A,N/A,N/A
82273,2073600.0,30,N/A,N/A,N/A,N/A
72221,N/A,N/A,N/A,N/A,N/A,N/A
51346,N/A,N/A,N/A,N/A,N/A,N/A
61506,33177600.0,30,2073600.0,60,N/A,N/A
28759,N/A,N/A,N/A,N/A,N/A,N/A
84534,N/A,N/A,N/A,N/A,N/A,N/A
62019,2073600.0,30,N/A,N/A,N/A,N/A
60319,N/A,N/A,N/A,N/A,N/A,N/A
31468,8294400.0,60,N/A,N/A,N/A,N/A
84461,N/A,N/A,N/A,N/A,N/A,N/A
63451,8294400.0,60,N/A,N/A,N/A,N/A
74090,2073600.0,30,N/A,N/A,N/A,N/A
75776,N/A,N/A,N/A,N/A,N/A,N/A
63187,8294400.0,30,N/A,N/A,N/A,N/A
73552,N/A,N/A,N/A,N/A,N/A,N/A
60342,N/A,N/A,N/A,N/A,N/A,N/A
51223,2073600.0,30,N/A,N/A,N/A,N/A
54455,2073600.0,30,N/A,N/A,N/A,N/A
49969,N/A,30,N/A,120,N/A,N/A
60622,N/A,N/A,N/A,N/A,N/A,N/A
50771,33177600.0,30,2073600.0,240,N/A,N/A
62013,33177600.0,N/A,2073600.0,N/A,N/A,N/A
54438,2073600.0,30,N/A,N/A,N/A,N/A
55082,33177600.0,30,2073600.0,60,N/A,N/A
66360,N/A,N/A,N/A,N/A,N/A,N/A
64064,8294400.0,30,N/A,N/A,N/A,N/A
50678,33177600.0,30,2073600.0,60,N/A,N/A
84463,N/A,N/A,N/A,N/A,N/A,N/A
60625,8294400.0,60,N/A,N/A,N/A,N/A
60755,2073600.0,30,N/A,N/A,N/A,N/A
72502,8294400.0,30,2073600.0,30,N/A,N/A
59252,N/A,N/A,N/A,N/A,N/A,N/A
53437,2073600.0,30,N/A,N/A,N/A,N/A
64072,N/A,N/A,N/A,N/A,N/A,N/A
67547,2073600.0,30,N/A,N/A,N/A,N/A
55512,8294400.0,30,2073600.0,30,N/A,N/A
60694,N/A,N/A,N/A,N/A,N/A,N/A
64836,N/A,N/A,N/A,N/A,N/A,N/A
59597,N/A,N/A,N/A,N/A,N/A,N/A
46949,2073600.0,30,N/A,N/A,N/A,N/A
67366,N/A,N/A,N/A,N/A,N/A,N/A
63900,8294400.0,30,N/A,N/A,N/A,N/A
35922,8294400.0,30,921600.0,960,N/A,N/A
60695,N/A,N/A,N/A,N/A,N/A,N/A
64269,8294400.0,60,N/A,N/A,N/A,N/A
28988,8294400.0,60,921600.0,960,N/A,N/A
67369,N/A,N/A,N/A,N/A,N/A,N/A
72501,8294400.0,30,2073600.0,30,N/A,N/A
60165,8294400.0,60,N/A,N/A,N/A,N/A
72216,8294400.0,60,N/A,N/A,N/A,N/A
74344,N/A,N/A,N/A,N/A,N/A,N/A
53272,N/A,N/A,N/A,N/A,N/A,N/A
67731,N/A,N/A,N/A,N/A,N/A,N/A
53276,8294400.0,60,N/A,N/A,N/A,N/A
62345,N/A,N/A,N/A,N/A,N/A,N/A
72192,N/A,N/A,N/A,N/A,N/A,N/A
52711,N/A,N/A,N/A,N/A,N/A,N/A
66362,N/A,N/A,N/A,N/A,N/A,N/A
63453,N/A,30,2073600.0,120,N/A,N/A
55513,8294400.0,30,2073600.0,30,N/A,N/A
78042,N/A,N/A,N/A,N/A,N/A,N/A
49581,2073600.0,30,N/A,N/A,N/A,N/A
63070,N/A,N/A,N/A,N/A,N/A,N/A
62323,N/A,N/A,N/A,N/A,N/A,N/A
59052,2073600.0,30,N/A,N/A,N/A,N/A
62089,N/A,N/A,N/A,N/A,N/A,N/A
62040,N/A,N/A,N/A,N/A,N/A,N/A
60679,8294400.0,30,921600.0,960,N/A,N/A
74345,N/A,N/A,N/A,N/A,N/A,N/A
67356,N/A,N/A,N/A,N/A,N/A,N/A
63454,2073600.0,30,N/A,N/A,N/A,N/A
52303,N/A,N/A,N/A,N/A,N/A,N/A
85457,N/A,N/A,N/A,N/A,N/A,N/A
72190,8294400.0,960,921600.0,N/A,N/A,N/A
56070,N/A,N/A,N/A,N/A,N/A,N/A
17861,921600.0,30,8294400.0,30,N/A,N/A
72225,2073600.0,30,N/A,N/A,N/A,N/A
81356,N/A,N/A,N/A,N/A,N/A,N/A
55531,8294400.0,30,921600.0,240,N/A,N/A
55691,8294400.0,30,921600.0,960,N/A,N/A
56135,N/A,N/A,N/A,N/A,N/A,N/A
77854,8294400.0,30,N/A,N/A,N/A,N/A
66254,N/A,N/A,N/A,N/A,N/A,N/A
31299,33177600.0,30,2073600.0,240,N/A,N/A
66241,N/A,N/A,N/A,N/A,N/A,N/A
81109,N/A,N/A,N/A,N/A,N/A,N/A
76433,33177600.0,24,2073600.0,960,N/A,N/A
51784,33177600.0,30,2073600.0,240,N/A,N/A
55519,8294400.0,30,N/A,N/A,N/A,N/A
51784,33177600.0,30,2073600.0,240,N/A,N/A
85267,N/A,N/A,N/A,N/A,N/A,N/A
30767,33177600.0,30,2073600.0,960,N/A,N/A
55529,8294400.0,30,921600.0,240,N/A,N/A
55522,8294400.0,30,2073600.0,30,N/A,N/A
50260,N/A,N/A,N/A,N/A,N/A,N/A
62301,N/A,N/A,N/A,N/A,N/A,N/A
56132,2073600.0,30,N/A,N/A,N/A,N/A
64075,N/A,N/A,N/A,N/A,N/A,N/A
67044,N/A,N/A,N/A,N/A,N/A,N/A
59250,2073600.0,30,N/A,N/A,N/A,N/A
52473,N/A,N/A,N/A,N/A,N/A,N/A
50842,N/A,N/A,N/A,N/A,N/A,N/A
64468,N/A,N/A,N/A,N/A,N/A,N/A
66375,N/A,N/A,N/A,N/A,N/A,N/A
84535,N/A,N/A,N/A,N/A,N/A,N/A
66246,2073600.0,30,N/A,N/A,N/A,N/A
55532,8294400.0,60,N/A,N/A,N/A,N/A
55760,8294400.0,N/A,N/A,N/A,N/A,N/A
72116,2073600.0,30,N/A,N/A,N/A,N/A
62035,8294400.0,30,921600.0,960,N/A,N/A
67043,N/A,N/A,N/A,N/A,N/A,N/A
64469,N/A,N/A,N/A,N/A,N/A,N/A
39979,33177600.0,30,2073600.0,240,N/A,N/A
25889,2073600.0,30,2073600.0,120,N/A,N/A
55937,N/A,N/A,N/A,N/A,N/A,N/A
14119,N/A,30,921600.0,480,N/A,N/A
54451,N/A,N/A,N/A,N/A,N/A,N/A
79116,2073600.0,30,N/A,N/A,N/A,N/A
50203,33177600.0,30,2073600.0,60,N/A,N/A
54287,2073600.0,30,N/A,N/A,N/A,N/A
50696,N/A,N/A,N/A,N/A,N/A,N/A
54277,8294400.0,960,921600.0,N/A,N/A,N/A
54962,8294400.0,30,921600.0,960,N/A,N/A
64076,8294400.0,30,N/A,N/A,N/A,N/A
67959,2073600.0,30,N/A,N/A,N/A,N/A
78905,2073600.0,30,N/A,N/A,N/A,N/A
51789,N/A,N/A,N/A,N/A,N/A,N/A
64074,2073600.0,30,N/A,N/A,N/A,N/A
85235,N/A,N/A,N/A,N/A,N/A,N/A
85235,N/A,N/A,N/A,N/A,N/A,N/A
49970,33177600.0,120,2073600.0,N/A,N/A,N/A
69536,N/A,30,N/A,60,N/A,60
67549,8294400.0,30,N/A,N/A,N/A,N/A
54278,8294400.0,960,921600.0,N/A,N/A,N/A
54670,N/A,N/A,N/A,N/A,N/A,N/A
46948,8294400.0,60,921600.0,960,N/A,N/A
35117,N/A,N/A,N/A,N/A,N/A,N/A
79124,2073600.0,30,N/A,N/A,N/A,N/A
88457,N/A,N/A,N/A,N/A,N/A,N/A
84532,N/A,N/A,N/A,N/A,N/A,N/A
55508,2073600.0,30,N/A,N/A,N/A,N/A
67957,2073600.0,30,N/A,N/A,N/A,N/A
84349,N/A,N/A,N/A,N/A,N/A,N/A
76438,N/A,N/A,N/A,N/A,N/A,N/A
72115,2073600.0,30,N/A,N/A,N/A,N/A
77350,33177600.0,24,N/A,N/A,N/A,N/A
81358,N/A,N/A,N/A,N/A,N/A,N/A
54276,8294400.0,120,N/A,N/A,N/A,N/A
62020,33177600.0,30,2073600.0,60,N/A,N/A
62020,33177600.0,30,2073600.0,60,N/A,N/A
61507,33177600.0,30,2073600.0,60,N/A,N/A
76428,33177600.0,24,2073600.0,960,N/A,N/A
81323,N/A,N/A,N/A,N/A,N/A,N/A
67046,N/A,N/A,N/A,N/A,N/A,N/A
76429,33177600.0,24,2073600.0,960,N/A,N/A
84467,N/A,N/A,N/A,N/A,N/A,N/A
85253,N/A,N/A,N/A,N/A,N/A,N/A
72203,8294400.0,30,N/A,N/A,N/A,N/A
51344,8294400.0,60,2073600.0,960,N/A,N/A
62351,N/A,N/A,N/A,N/A,N/A,N/A
63752,2073600.0,30,N/A,N/A,N/A,N/A
59594,N/A,N/A,N/A,N/A,N/A,N/A
66243,N/A,N/A,N/A,N/A,N/A,N/A
76427,33177600.0,24,2073600.0,960,N/A,N/A
54944,8294400.0,60,N/A,N/A,N/A,N/A
46954,2073600.0,30,N/A,N/A,N/A,N/A
49582,2073600.0,30,N/A,N/A,N/A,N/A
62036,33177600.0,30,2073600.0,960,N/A,N/A
62039,N/A,N/A,N/A,N/A,N/A,N/A
62327,33177600.0,30,N/A,N/A,N/A,N/A
49582,2073600.0,30,N/A,N/A,N/A,N/A
64070,2073600.0,30,N/A,N/A,N/A,N/A
72509,N/A,N/A,N/A,N/A,N/A,N/A
51335,2073600.0,30,N/A,N/A,N/A,N/A
54268,2073600.0,30,N/A,N/A,N/A,N/A
44998,2073600.0,30,N/A,N/A,N/A,N/A
52470,N/A,N/A,N/A,N/A,N/A,N/A
63941,N/A,N/A,N/A,N/A,N/A,N/A
89509,N/A,N/A,N/A,N/A,N/A,N/A
91267,N/A,N/A,N/A,N/A,N/A,N/A
64071,2073600.0,30,N/A,N/A,N/A,N/A
59268,2073600.0,30,N/A,N/A,N/A,N/A
59600,2073600.0,60,N/A,N/A,N/A,N/A
50680,8294400.0,60,N/A,N/A,N/A,N/A
82085,2073600.0,30,N/A,N/A,N/A,N/A
64065,N/A,N/A,N/A,N/A,N/A,N/A
67739,2073600.0,30,N/A,N/A,N/A,N/A
50876,N/A,N/A,N/A,N/A,N/A,N/A
46378,2073600.0,30,N/A,N/A,N/A,N/A
65348,8294400.0,60,N/A,N/A,N/A,N/A
64063,8294400.0,30,N/A,N/A,N/A,N/A
73394,2073600.0,30,N/A,N/A,N/A,N/A
85273,N/A,N/A,N/A,N/A,N/A,N/A
77575,921600.0,30,2073600.0,30,N/A,30
61799,8294400.0,60,N/A,N/A,N/A,N/A
72206,8294400.0,30,N/A,N/A,N/A,N/A
67365,N/A,N/A,N/A,N/A,N/A,N/A
60345,8294400.0,30,2073600.0,240,N/A,N/A
75808,N/A,30,N/A,N/A,N/A,N/A
73019,N/A,N/A,N/A,N/A,N/A,N/A
72752,N/A,N/A,N/A,N/A,N/A,N/A
74662,2073600.0,30,N/A,N/A,N/A,N/A
76444,N/A,N/A,N/A,N/A,N/A,N/A
62361,N/A,N/A,N/A,N/A,N/A,N/A
67364,N/A,N/A,N/A,N/A,N/A,N/A
67370,8294400.0,N/A,N/A,N/A,N/A,N/A
67728,2073600.0,30,N/A,N/A,N/A,N/A
59253,2073600.0,30,N/A,N/A,N/A,N/A
72209,N/A,N/A,N/A,N/A,N/A,N/A
55067,N/A,N/A,N/A,N/A,N/A,N/A
64471,N/A,N/A,N/A,N/A,N/A,N/A
63455,8294400.0,30,N/A,N/A,N/A,N/A
67377,N/A,N/A,N/A,N/A,N/A,N/A
87091,N/A,N/A,N/A,N/A,N/A,N/A
53790,2073600.0,30,N/A,N/A,N/A,N/A
62719,2073600.0,30,N/A,N/A,N/A,N/A
62029,N/A,N/A,N/A,N/A,N/A,N/A
61509,2073600.0,30,N/A,N/A,N/A,N/A
51221,2073600.0,30,N/A,N/A,N/A,N/A
25779,2073600.0,30,2073600.0,30,N/A,N/A
66240,N/A,N/A,N/A,N/A,N/A,N/A
54269,N/A,N/A,N/A,N/A,N/A,N/A
54815,N/A,N/A,N/A,N/A,N/A,N/A
87089,8294400.0,60,921600.0,960,N/A,N/A
67360,2073600.0,30,N/A,N/A,N/A,N/A
53791,2073600.0,30,N/A,N/A,N/A,N/A
54940,8294400.0,60,2073600.0,60,921600.0,N/A
76434,33177600.0,24,2073600.0,960,N/A,N/A
62042,N/A,N/A,N/A,N/A,N/A,N/A
62042,N/A,N/A,N/A,N/A,N/A,N/A
32201,8294400.0,30,8294400.0,30,33177600.0,60
55075,N/A,N/A,N/A,N/A,N/A,N/A
12655,2073600.0,30,N/A,N/A,N/A,N/A
85268,N/A,N/A,N/A,N/A,N/A,N/A
85282,N/A,N/A,N/A,N/A,N/A,N/A
59251,N/A,N/A,N/A,N/A,N/A,N/A
55534,8294400.0,60,N/A,N/A,N/A,N/A
55078,N/A,N/A,N/A,N/A,N/A,N/A
59291,2073600.0,30,N/A,N/A,N/A,N/A
60681,921600.0,30,N/A,N/A,N/A,N/A
46377,33177600.0,30,2073600.0,60,N/A,N/A
50201,2073600.0,30,N/A,N/A,N/A,N/A
51798,2073600.0,30,N/A,N/A,N/A,N/A
62344,N/A,N/A,N/A,N/A,N/A,N/A
62411,N/A,N/A,N/A,N/A,N/A,N/A
62867,N/A,N/A,N/A,N/A,N/A,N/A
63072,N/A,N/A,N/A,N/A,N/A,N/A
50226,8294400.0,30,N/A,N/A,N/A,N/A
64068,8294400.0,30,N/A,N/A,N/A,N/A
63755,N/A,N/A,N/A,N/A,N/A,N/A
63071,N/A,N/A,N/A,N/A,N/A,N/A
52301,2073600.0,30,N/A,N/A,N/A,N/A
54813,N/A,N/A,N/A,N/A,N/A,N/A
63069,N/A,N/A,N/A,N/A,N/A,N/A
51343,N/A,N/A,N/A,N/A,N/A,N/A
40415,N/A,N/A,N/A,N/A,N/A,N/A
63446,2073600.0,30,N/A,N/A,N/A,N/A
89507,N/A,N/A,N/A,N/A,N/A,N/A
76431,33177600.0,24,2073600.0,960,N/A,N/A
91270,N/A,N/A,N/A,N/A,N/A,N/A
91269,N/A,N/A,N/A,N/A,N/A,N/A
76442,N/A,N/A,N/A,N/A,N/A,N/A
67958,2073600.0,30,N/A,N/A,N/A,N/A
62414,2073600.0,30,N/A,N/A,N/A,N/A
63074,2073600.0,30,N/A,N/A,N/A,N/A
59599,N/A,N/A,N/A,N/A,N/A,N/A
63447,N/A,N/A,N/A,N/A,N/A,N/A
73018,N/A,N/A,N/A,N/A,N/A,N/A
72208,N/A,N/A,N/A,N/A,N/A,N/A
73018,N/A,N/A,N/A,N/A,N/A,N/A
72208,N/A,N/A,N/A,N/A,N/A,N/A
87090,N/A,N/A,N/A,N/A,N/A,N/A
84111,N/A,N/A,N/A,N/A,N/A,N/A
76430,33177600.0,24,2073600.0,960,N/A,N/A
66368,N/A,N/A,N/A,N/A,N/A,N/A
59283,2073600.0,30,N/A,N/A,N/A,N/A
62363,2073600.0,30,N/A,N/A,N/A,N/A
64067,2073600.0,30,N/A,N/A,N/A,N/A
60696,N/A,N/A,N/A,N/A,N/A,N/A
67729,8294400.0,30,N/A,N/A,N/A,N/A
67961,2073600.0,30,N/A,N/A,N/A,N/A
76435,33177600.0,24,2073600.0,960,N/A,N/A
63750,N/A,30,N/A,N/A,N/A,N/A
63758,N/A,N/A,N/A,N/A,N/A,N/A
84346,N/A,N/A,N/A,N/A,N/A,N/A
56154,N/A,N/A,N/A,N/A,N/A,N/A
55073,N/A,N/A,N/A,N/A,N/A,N/A
81324,N/A,N/A,N/A,N/A,N/A,N/A
84110,N/A,N/A,N/A,N/A,N/A,N/A
46952,2073600.0,30,N/A,N/A,N/A,N/A
52295,8294400.0,60,N/A,N/A,N/A,N/A
60756,8294400.0,30,N/A,N/A,N/A,N/A
60923,N/A,N/A,N/A,N/A,N/A,N/A
72442,8294400.0,120,N/A,N/A,N/A,N/A
62353,N/A,N/A,N/A,N/A,N/A,N/A
62375,N/A,N/A,N/A,N/A,N/A,N/A
62413,N/A,N/A,N/A,N/A,N/A,N/A
52484,2073600.0,30,N/A,N/A,N/A,N/A
22013,N/A,N/A,N/A,N/A,N/A,N/A
73392,N/A,N/A,N/A,N/A,N/A,N/A
64472,N/A,N/A,N/A,N/A,N/A,N/A
55690,N/A,N/A,N/A,N/A,N/A,N/A
84341,N/A,N/A,N/A,N/A,N/A,N/A
53775,N/A,N/A,N/A,N/A,N/A,N/A
54942,N/A,N/A,N/A,N/A,N/A,N/A
50698,N/A,N/A,N/A,N/A,N/A,N/A
88458,8294400.0,30,N/A,30,N/A,30
30838,2073600.0,30,N/A,N/A,N/A,N/A
59249,2073600.0,30,N/A,N/A,N/A,N/A
54271,8294400.0,60,N/A,N/A,N/A,N/A
54671,N/A,N/A,N/A,N/A,N/A,N/A
60346,N/A,N/A,N/A,N/A,N/A,N/A
46953,8294400.0,30,N/A,N/A,N/A,N/A
49699,2073600.0,N/A,N/A,N/A,N/A,N/A
51355,N/A,N/A,N/A,N/A,N/A,N/A
62032,2073600.0,30,N/A,N/A,N/A,N/A
62038,8294400.0,30,N/A,N/A,N/A,N/A
62379,N/A,N/A,N/A,N/A,N/A,N/A
62381,921600.0,30,N/A,N/A,N/A,N/A
62878,N/A,N/A,N/A,N/A,N/A,N/A
62518,N/A,N/A,N/A,N/A,N/A,N/A
67727,2073600.0,30,N/A,N/A,N/A,N/A
51790,2073600.0,30,N/A,N/A,N/A,N/A
22005,2073600.0,30,N/A,N/A,N/A,N/A
67725,N/A,N/A,N/A,N/A,N/A,N/A
62372,N/A,N/A,N/A,N/A,N/A,N/A
31022,N/A,N/A,N/A,N/A,N/A,N/A
55767,N/A,N/A,N/A,N/A,N/A,N/A
62322,N/A,N/A,N/A,N/A,N/A,N/A
55689,N/A,N/A,N/A,N/A,N/A,N/A
63073,N/A,N/A,N/A,N/A,N/A,N/A
64061,8294400.0,30,N/A,N/A,N/A,N/A
77349,33177600.0,24,2073600.0,960,N/A,N/A
85290,N/A,N/A,N/A,N/A,N/A,N/A
85274,N/A,N/A,N/A,N/A,N/A,N/A
24253,N/A,N/A,N/A,N/A,N/A,N/A
52302,2073600.0,30,N/A,N/A,N/A,N/A
52481,8294400.0,30,N/A,N/A,N/A,N/A
73395,921600.0,30,N/A,N/A,N/A,N/A
55758,8294400.0,30,N/A,N/A,N/A,N/A
55934,2073600.0,30,N/A,N/A,N/A,N/A
51347,N/A,N/A,N/A,N/A,N/A,N/A
62310,8294400.0,30,N/A,N/A,N/A,N/A
63452,N/A,N/A,N/A,N/A,N/A,N/A
84466,N/A,N/A,N/A,N/A,N/A,N/A
61505,N/A,N/A,N/A,N/A,N/A,N/A
64062,N/A,N/A,N/A,N/A,N/A,N/A
84343,N/A,N/A,N/A,N/A,N/A,N/A
85280,N/A,N/A,N/A,N/A,N/A,N/A
85261,N/A,N/A,N/A,N/A,N/A,N/A
79100,2073600.0,30,N/A,N/A,N/A,N/A
76432,33177600.0,24,2073600.0,960,N/A,N/A
76436,N/A,N/A,N/A,N/A,N/A,N/A
63940,N/A,N/A,N/A,N/A,N/A,N/A
67724,N/A,N/A,N/A,N/A,N/A,N/A
29067,N/A,N/A,N/A,N/A,N/A,N/A
29106,N/A,N/A,N/A,N/A,N/A,N/A
29363,N/A,N/A,N/A,N/A,N/A,N/A
29371,N/A,N/A,N/A,N/A,N/A,N/A
29468,N/A,N/A,N/A,N/A,N/A,N/A
29502,N/A,N/A,N/A,N/A,N/A,N/A
28452,N/A,N/A,N/A,N/A,N/A,N/A
28519,N/A,N/A,N/A,N/A,N/A,N/A
28752,N/A,N/A,N/A,N/A,N/A,N/A
28763,N/A,N/A,N/A,N/A,N/A,N/A
28887,N/A,N/A,N/A,N/A,N/A,N/A
28895,N/A,N/A,N/A,N/A,N/A,N/A
28897,N/A,N/A,N/A,N/A,N/A,N/A
28973,N/A,N/A,N/A,N/A,N/A,N/A
29063,N/A,N/A,N/A,N/A,N/A,N/A
46929,2073600.0,30,N/A,N/A,N/A,N/A
46950,2073600.0,30,N/A,N/A,N/A,N/A
46974,N/A,N/A,N/A,N/A,N/A,N/A
48303,8294400.0,30,N/A,N/A,N/A,N/A
48346,8294400.0,30,N/A,N/A,N/A,N/A
48358,N/A,N/A,N/A,N/A,N/A,N/A
48574,33177600.0,30,2073600.0,960,N/A,N/A
45900,N/A,N/A,N/A,N/A,N/A,N/A
46351,N/A,N/A,N/A,N/A,N/A,N/A
29067,N/A,N/A,N/A,N/A,N/A,N/A
29106,N/A,N/A,N/A,N/A,N/A,N/A
29363,N/A,N/A,N/A,N/A,N/A,N/A
29371,N/A,N/A,N/A,N/A,N/A,N/A
29502,N/A,N/A,N/A,N/A,N/A,N/A
28452,N/A,N/A,N/A,N/A,N/A,N/A
28519,N/A,N/A,N/A,N/A,N/A,N/A
28763,N/A,N/A,N/A,N/A,N/A,N/A
51366,N/A,N/A,N/A,N/A,N/A,N/A
51372,N/A,N/A,N/A,N/A,N/A,N/A
52106,2073600.0,30,N/A,N/A,N/A,N/A
36667,N/A,N/A,N/A,N/A,N/A,N/A
36834,N/A,N/A,N/A,N/A,N/A,N/A
36920,2073600.0,30,N/A,N/A,N/A,N/A
36928,N/A,N/A,N/A,N/A,N/A,N/A
37256,N/A,N/A,N/A,N/A,N/A,N/A
37265,2073600.0,30,N/A,N/A,N/A,N/A
37865,N/A,N/A,N/A,N/A,N/A,N/A
37882,N/A,N/A,N/A,N/A,N/A,N/A
37898,N/A,N/A,N/A,N/A,N/A,N/A
37902,2073600.0,30,N/A,N/A,N/A,N/A
38612,8294400.0,30,N/A,N/A,N/A,N/A
39190,N/A,N/A,N/A,N/A,N/A,N/A
39192,33177600.0,30,2073600.0,60,N/A,N/A
39203,N/A,N/A,N/A,N/A,N/A,N/A
39758,N/A,N/A,N/A,N/A,N/A,N/A
40406,2073600.0,30,N/A,N/A,N/A,N/A
40425,33177600.0,24,2073600.0,960,N/A,N/A
42020,N/A,N/A,N/A,N/A,N/A,N/A
34235,N/A,N/A,N/A,N/A,N/A,N/A
45224,N/A,N/A,N/A,N/A,N/A,N/A
45454,2073600.0,30,N/A,N/A,N/A,N/A
45900,N/A,N/A,N/A,N/A,N/A,N/A
46351,N/A,N/A,N/A,N/A,N/A,N/A
35942,N/A,N/A,N/A,N/A,N/A,N/A
35966,2073600.0,30,N/A,N/A,N/A,N/A
36280,N/A,N/A,N/A,N/A,N/A,N/A
36290,N/A,N/A,N/A,N/A,N/A,N/A
36603,8294400.0,60,N/A,N/A,N/A,N/A
36613,N/A,N/A,N/A,N/A,N/A,N/A
32368,N/A,N/A,N/A,N/A,N/A,N/A
34883,N/A,N/A,N/A,N/A,N/A,N/A
34885,2073600.0,30,N/A,N/A,N/A,N/A
35132,N/A,N/A,N/A,N/A,N/A,N/A
33755,2073600.0,30,N/A,N/A,N/A,N/A
34223,N/A,N/A,N/A,N/A,N/A,N/A
34230,N/A,N/A,N/A,N/A,N/A,N/A
34235,N/A,N/A,N/A,N/A,N/A,N/A
32665,33177600.0,30,2073600.0,960,N/A,N/A
33217,N/A,N/A,N/A,N/A,N/A,N/A
50199,2073600.0,30,N/A,N/A,N/A,N/A
43230,N/A,N/A,N/A,N/A,N/A,N/A
43666,8294400.0,30,N/A,N/A,N/A,N/A
44346,N/A,N/A,N/A,N/A,N/A,N/A
44931,2073600.0,30,N/A,N/A,N/A,N/A
44933,N/A,N/A,N/A,N/A,N/A,N/A
45224,N/A,N/A,N/A,N/A,N/A,N/A
45454,2073600.0,30,N/A,N/A,N/A,N/A
45900,N/A,N/A,N/A,N/A,N/A,N/A
46351,N/A,N/A,N/A,N/A,N/A,N/A
36667,N/A,N/A,N/A,N/A,N/A,N/A
36834,N/A,N/A,N/A,N/A,N/A,N/A
36920,2073600.0,30,N/A,N/A,N/A,N/A
36928,N/A,N/A,N/A,N/A,N/A,N/A
37256,N/A,N/A,N/A,N/A,N/A,N/A
37265,2073600.0,30,N/A,N/A,N/A,N/A
37865,N/A,N/A,N/A,N/A,N/A,N/A
37882,N/A,N/A,N/A,N/A,N/A,N/A
37898,N/A,N/A,N/A,N/A,N/A,N/A
37902,2073600.0,30,N/A,N/A,N/A,N/A
38612,8294400.0,30,N/A,N/A,N/A,N/A
39190,N/A,N/A,N/A,N/A,N/A,N/A
39192,33177600.0,30,2073600.0,60,N/A,N/A
39203,N/A,N/A,N/A,N/A,N/A,N/A
39758,N/A,N/A,N/A,N/A,N/A,N/A
40406,2073600.0,30,N/A,N/A,N/A,N/A
40425,33177600.0,24,2073600.0,960,N/A,N/A
42020,N/A,N/A,N/A,N/A,N/A,N/A
51366,N/A,N/A,N/A,N/A,N/A,N/A
51372,N/A,N/A,N/A,N/A,N/A,N/A
35502,N/A,N/A,N/A,N/A,N/A,N/A
35507,8294400.0,30,N/A,N/A,N/A,N/A
35509,2073600.0,30,N/A,N/A,N/A,N/A
35669,N/A,N/A,N/A,N/A,N/A,N/A
35674,N/A,N/A,N/A,N/A,N/A,N/A
62034,2073600.0,30,N/A,N/A,N/A,N/A
62328,N/A,N/A,N/A,N/A,N/A,N/A
62352,N/A,N/A,N/A,N/A,N/A,N/A
62412,N/A,N/A,N/A,N/A,N/A,N/A
62869,N/A,N/A,N/A,N/A,N/A,N/A
63940,N/A,N/A,N/A,N/A,N/A,N/A
79610,8294400.0,30,N/A,N/A,N/A,N/A
35160,N/A,N/A,N/A,N/A,N/A,N/A
82059,2073600.0,30,N/A,N/A,N/A,N/A
83037,N/A,N/A,N/A,N/A,N/A,N/A
48848,2073600.0,30,N/A,N/A,N/A,N/A
48379,8294400.0,30,N/A,N/A,N/A,N/A
50760,N/A,N/A,N/A,N/A,N/A,N/A
66256,N/A,N/A,N/A,N/A,N/A,N/A
26791,2073600.0,30,N/A,N/A,N/A,N/A
26436,8294400.0,960,921600.0,N/A,N/A,N/A
52299,2073600.0,30,N/A,N/A,N/A,N/A
25888,2073600.0,30,2073600.0,30,N/A,N/A
39753,8294400.0,30,N/A,N/A,N/A,N/A
40404,N/A,N/A,N/A,N/A,N/A,N/A
43232,N/A,N/A,N/A,N/A,N/A,N/A
43212,N/A,N/A,N/A,N/A,N/A,N/A
44323,N/A,N/A,N/A,N/A,N/A,N/A
48376,N/A,N/A,N/A,N/A,N/A,N/A
15376,2073600.0,30,N/A,N/A,N/A,N/A
43212,N/A,N/A,N/A,N/A,N/A,N/A
41212,2073600.0,30,N/A,N/A,N/A,N/A
44323,N/A,N/A,N/A,N/A,N/A,N/A
48376,N/A,N/A,N/A,N/A,N/A,N/A
40423,N/A,N/A,N/A,N/A,N/A,N/A
42031,8294400.0,30,N/A,N/A,N/A,N/A
41216,2073600.0,60,N/A,N/A,N/A,N/A
66256,N/A,N/A,N/A,N/A,N/A,N/A
52710,N/A,N/A,N/A,N/A,N/A,N/A
67738,2073600.0,30,N/A,N/A,N/A,N/A
66251,N/A,N/A,N/A,N/A,N/A,N/A
50699,2073600.0,30,N/A,N/A,N/A,N/A
27979,N/A,N/A,N/A,N/A,N/A,N/A
31017,N/A,N/A,N/A,N/A,N/A,N/A
31015,N/A,N/A,N/A,N/A,N/A,N/A
27250,2073600.0,30,N/A,N/A,N/A,N/A
17043,N/A,N/A,N/A,N/A,N/A,N/A
17098,N/A,N/A,N/A,N/A,N/A,N/A
27874,2073600.0,30,2073600.0,30,N/A,N/A
27252,2073600.0,30,N/A,N/A,N/A,N/A
42105,8294400.0,30,N/A,N/A,N/A,N/A
42821,2073600.0,30,N/A,N/A,N/A,N/A
42338,N/A,N/A,N/A,N/A,N/A,N/A
30014,N/A,N/A,N/A,N/A,N/A,N/A
31730,2073600.0,30,N/A,N/A,N/A,N/A
27981,2073600.0,30,2073600.0,N/A,N/A,N/A
25777,2073600.0,960,2073600.0,N/A,N/A,N/A
50699,2073600.0,30,N/A,N/A,N/A,N/A
31028,N/A,N/A,N/A,N/A,N/A,N/A
35364,N/A,N/A,N/A,N/A,N/A,N/A
45514,N/A,30 ,N/A,N/A,N/A,N/A
27979,N/A,N/A,N/A,N/A,N/A,N/A
27874,2073600.0,30,2073600.0,30,N/A,N/A
27252,2073600.0,30,N/A,N/A,N/A,N/A
62037,N/A,N/A,N/A,N/A,N/A,N/A
55759,N/A,N/A,N/A,N/A,N/A,N/A
26797,N/A,N/A,N/A,N/A,N/A,N/A
33744,N/A,N/A,N/A,N/A,N/A,N/A
31026,N/A,N/A,N/A,N/A,N/A,N/A
35513,N/A,N/A,N/A,N/A,N/A,N/A
15841,2073600.0,960 ,N/A,30,N/A,N/A
15842,2073600.0,30,N/A,30,N/A,N/A
15843,2073600.0,N/A,N/A,N/A,N/A,N/A
25497,2073600.0,30,2073600.0,60,N/A,N/A
27155,N/A,N/A,N/A,N/A,N/A,N/A
17970,8294400.0,30,N/A,N/A,N/A,N/A
19793,N/A,N/A,N/A,N/A,N/A,N/A
26797,N/A,N/A,N/A,N/A,N/A,N/A
28178,2073600.0,30,2073600.0,30,N/A,N/A
33748,N/A,N/A,N/A,N/A,N/A,N/A
33744,N/A,N/A,N/A,N/A,N/A,N/A
33746,N/A,N/A,N/A,N/A,N/A,N/A
35671,8294400.0,60,N/A,N/A,N/A,N/A
34227,N/A,N/A,N/A,N/A,N/A,N/A
33215,N/A,N/A,N/A,N/A,N/A,N/A
26799,33177600.0,30,2073600.0,120,N/A,N/A
31026,N/A,N/A,N/A,N/A,N/A,N/A
35513,N/A,N/A,N/A,N/A,N/A,N/A
43223,N/A,N/A,N/A,N/A,N/A,N/A
42029,N/A,N/A,N/A,N/A,N/A,N/A
40417,N/A,N/A,N/A,N/A,N/A,N/A
67047,N/A,N/A,N/A,N/A,N/A,N/A
29101,N/A,N/A,N/A,N/A,N/A,N/A
71546,N/A,N/A,N/A,N/A,N/A,N/A
55759,N/A,N/A,N/A,N/A,N/A,N/A
33215,N/A,N/A,N/A,N/A,N/A,N/A
33746,N/A,N/A,N/A,N/A,N/A,N/A
43223,N/A,N/A,N/A,N/A,N/A,N/A
35671,8294400.0,60,N/A,N/A,N/A,N/A
34227,N/A,N/A,N/A,N/A,N/A,N/A
33748,N/A,N/A,N/A,N/A,N/A,N/A
18715,N/A,N/A,N/A,N/A,N/A,N/A
82444,8294400.0,30,N/A,N/A,N/A,N/A
85499,921600.0,30,N/A,N/A,N/A,N/A
76873,33177600.0,24,N/A,N/A,N/A,N/A
77602,2073600.0,30,N/A,N/A,N/A,N/A
88462,N/A,N/A,N/A,N/A,N/A,N/A
88455,N/A,N/A,N/A,N/A,N/A,N/A
88453,N/A,N/A,N/A,N/A,N/A,N/A
88456,N/A,N/A,N/A,N/A,N/A,N/A
88456,N/A,N/A,N/A,N/A,N/A,N/A
85500,921600.0,30,N/A,N/A,N/A,N/A
90682,N/A,N/A,N/A,N/A,N/A,N/A
84342,N/A,N/A,N/A,N/A,N/A,N/A
85240,N/A,N/A,N/A,N/A,N/A,N/A
84465,N/A,N/A,N/A,N/A,N/A,N/A
76441,N/A,N/A,N/A,N/A,N/A,N/A
15557,2073600.0,30,N/A,N/A,N/A,N/A
76446,N/A,N/A,N/A,N/A,N/A,N/A
76437,N/A,N/A,N/A,N/A,N/A,N/A
28774,N/A,30,N/A,N/A,N/A,N/A
60882,8294400.0,30,N/A,N/A,N/A,N/A
72335,N/A,N/A,N/A,N/A,N/A,N/A
54275,2073600.0,30,N/A,N/A,N/A,N/A
29069,N/A,N/A,N/A,N/A,N/A,N/A
29145,N/A,N/A,N/A,N/A,N/A,N/A
37869,8294400.0,30,921600.0,960,N/A,N/A
39977,33177600.0,30,2073600.0,240,N/A,N/A
41491,8294400.0,30,N/A,N/A,N/A,N/A
41496,N/A,N/A,N/A,N/A,N/A,N/A
37869,8294400.0,30,921600.0,960,N/A,N/A
39977,33177600.0,30,2073600.0,240,N/A,N/A
41491,8294400.0,30,N/A,N/A,N/A,N/A
41496,N/A,N/A,N/A,N/A,N/A,N/A
43667,2073600.0,30,N/A,N/A,N/A,N/A
44531,33177600.0,N/A,N/A,N/A,N/A,N/A
45222,N/A,N/A,N/A,N/A,N/A,N/A
45260,8294400.0,30,N/A,N/A,N/A,N/A
45905,2073600.0,N/A,N/A,N/A,N/A,N/A
31311,N/A,N/A,N/A,N/A,N/A,N/A
31738,8294400.0,30,N/A,N/A,N/A,N/A
32197,N/A,N/A,N/A,N/A,N/A,N/A
30008,2073600.0,30,N/A,N/A,N/A,N/A
30345,8294400.0,30,N/A,N/A,N/A,N/A
30347,2073600.0,30,N/A,N/A,N/A,N/A
30519,33177600.0,30,2073600.0,480,N/A,N/A
30750,8294400.0,30,N/A,N/A,N/A,N/A
30773,8294400.0,30,N/A,N/A,N/A,N/A
29069,N/A,N/A,N/A,N/A,N/A,N/A
29145,N/A,N/A,N/A,N/A,N/A,N/A
36081,2073600.0,30,N/A,N/A,N/A,N/A
36089,2073600.0,30,N/A,N/A,N/A,N/A
36093,N/A,N/A,N/A,N/A,N/A,N/A
36231,N/A,N/A,N/A,N/A,N/A,N/A
36286,2073600.0,30,N/A,N/A,N/A,N/A
36293,N/A,N/A,N/A,N/A,N/A,N/A
36608,N/A,N/A,N/A,N/A,N/A,N/A
36611,N/A,N/A,N/A,N/A,N/A,N/A
35511,N/A,N/A,N/A,N/A,N/A,N/A
35665,N/A,N/A,N/A,N/A,N/A,N/A
54275,2073600.0,30,N/A,N/A,N/A,N/A
46943,8294400.0,60,N/A,N/A,N/A,N/A
46944,8294400.0,30,N/A,N/A,N/A,N/A
46947,2073600.0,30,N/A,N/A,N/A,N/A
48302,8294400.0,30,N/A,N/A,N/A,N/A
48356,N/A,N/A,N/A,N/A,N/A,N/A
48842,2073600.0,30,N/A,N/A,N/A,N/A
50451,8294400.0,30,921600.0,960,N/A,N/A
51146,2073600.0,30,N/A,N/A,N/A,N/A
48843,2073600.0,30,N/A,N/A,N/A,N/A
31738,8294400.0,30,N/A,N/A,N/A,N/A
32197,N/A,N/A,N/A,N/A,N/A,N/A
35511,N/A,N/A,N/A,N/A,N/A,N/A
35665,N/A,N/A,N/A,N/A,N/A,N/A
35159,N/A,N/A,N/A,N/A,N/A,N/A
33213,N/A,N/A,N/A,N/A,N/A,N/A
48843,2073600.0,30,N/A,N/A,N/A,N/A
48844,8294400.0,30,N/A,N/A,N/A,N/A
48850,8294400.0,60,921600.0,960,N/A,N/A
49747,2073600.0,30,N/A,N/A,N/A,N/A
49553,33177600.0,30,2073600.0,240,N/A,N/A
49554,2073600.0,30,N/A,N/A,N/A,N/A
49590,33177600.0,30,2073600.0,240,N/A,N/A
32663,8294400.0,30,N/A,N/A,N/A,N/A
30008,2073600.0,30,N/A,N/A,N/A,N/A
30345,8294400.0,30,N/A,N/A,N/A,N/A
30347,2073600.0,30,N/A,N/A,N/A,N/A
30519,33177600.0,30,2073600.0,480,N/A,N/A
30750,8294400.0,30,N/A,N/A,N/A,N/A
30773,8294400.0,30,N/A,N/A,N/A,N/A
72204,8294400.0,30,N/A,N/A,N/A,N/A
60340,8294400.0,30,N/A,N/A,N/A,N/A
60397,N/A,N/A,N/A,N/A,N/A,N/A
77507,N/A,N/A,N/A,N/A,N/A,N/A
46943,8294400.0,60,N/A,N/A,N/A,N/A
46944,8294400.0,30,N/A,N/A,N/A,N/A
46947,2073600.0,30,N/A,N/A,N/A,N/A
48302,8294400.0,30,N/A,N/A,N/A,N/A
48356,N/A,N/A,N/A,N/A,N/A,N/A
48842,2073600.0,30,N/A,N/A,N/A,N/A
18105,2073600.0,30,N/A,N/A,N/A,N/A
54275,2073600.0,30,N/A,N/A,N/A,N/A
45902,N/A,N/A,N/A,N/A,N/A,N/A
48348,2073600.0,30,N/A,N/A,N/A,N/A
45646,N/A,N/A,N/A,N/A,N/A,N/A
49968,2073600.0,30,N/A,N/A,N/A,N/A
16509,2073600.0,30,N/A,N/A,N/A,N/A
45455,N/A,N/A,N/A,N/A,N/A,N/A
26109,8294400.0,30,N/A,N/A,N/A,N/A
26796,N/A,N/A,N/A,N/A,N/A,N/A
42336,8294400.0,30,N/A,N/A,N/A,N/A
17875,2073600.0,30,N/A,N/A,N/A,N/A
16694,2073600.0,30,N/A,N/A,N/A,N/A
28515,2073600.0,30,N/A,N/A,N/A,N/A
25586,921600.0,30,N/A,N/A,N/A,N/A
49175,N/A,N/A,N/A,N/A,N/A,N/A
48864,2073600.0,30,N/A,N/A,N/A,N/A
63449,N/A,N/A,N/A,N/A,N/A,N/A
64069,N/A,N/A,N/A,N/A,N/A,N/A
67734,921600.0,30,N/A,N/A,N/A,N/A
27866,2073600.0,30,N/A,N/A,N/A,N/A
48572,N/A,N/A,N/A,N/A,N/A,N/A
44937,N/A,N/A,N/A,N/A,N/A,N/A
42902,N/A,N/A,N/A,N/A,N/A,N/A
27677,N/A,N/A,N/A,N/A,N/A,N/A
46350,N/A,N/A,N/A,N/A,N/A,N/A
31030,N/A,N/A,N/A,N/A,N/A,N/A
28187,2073600.0,30,2073600.0,30,N/A,N/A
11307,N/A,60,N/A,N/A,N/A,N/A
12069,N/A,30,2073600.0,240,N/A,N/A
30147,N/A,N/A,N/A,N/A,N/A,N/A
42900,N/A,N/A,N/A,N/A,N/A,N/A
26798,N/A,N/A,N/A,N/A,N/A,N/A
26109,8294400.0,30,N/A,N/A,N/A,N/A
26796,N/A,N/A,N/A,N/A,N/A,N/A
25778,2073600.0,30,2073600.0,30,N/A,N/A
26207,2073600.0,30,2073600.0,60,N/A,N/A
27261,2073600.0,30,2073600.0,120,N/A,N/A
27676,N/A,N/A,N/A,N/A,N/A,N/A
62386,921600.0,120,N/A,N/A,N/A,N/A
67375,N/A,N/A,N/A,N/A,N/A,N/A
28515,2073600.0,30,N/A,N/A,N/A,N/A
25586,921600.0,30,N/A,N/A,N/A,N/A
11312,N/A,60,N/A,N/A,N/A,N/A
32678,8294400.0,30,2073600.0,30,N/A,N/A
32674,2073600.0,30,N/A,N/A,N/A,N/A
48864,2073600.0,30,N/A,N/A,N/A,N/A
11307,N/A,60,N/A,N/A,N/A,N/A
12069,N/A,30,2073600.0,240,N/A,N/A
64069,N/A,N/A,N/A,N/A,N/A,N/A
26109,8294400.0,30,N/A,N/A,N/A,N/A
26796,N/A,N/A,N/A,N/A,N/A,N/A
25778,2073600.0,30,2073600.0,30,N/A,N/A
26207,2073600.0,30,2073600.0,60,N/A,N/A
55688,N/A,N/A,N/A,N/A,N/A,N/A
54446,2073600.0,30,N/A,N/A,N/A,N/A
48334,2073600.0,30,N/A,N/A,N/A,N/A
44935,N/A,N/A,N/A,N/A,N/A,N/A
31471,8294400.0,30,N/A,N/A,N/A,N/A
28181,2073600.0,30,N/A,N/A,N/A,N/A
31733,N/A,N/A,N/A,N/A,N/A,N/A
27680,N/A,N/A,N/A,N/A,N/A,N/A
32359,N/A,N/A,N/A,N/A,N/A,N/A
31735,N/A,N/A,N/A,N/A,N/A,N/A
28320,N/A,N/A,N/A,N/A,N/A,N/A
29459,8294400.0,30,N/A,N/A,N/A,N/A
28318,N/A,N/A,N/A,N/A,N/A,N/A
28757,N/A,N/A,N/A,N/A,N/A,N/A
43221,N/A,N/A,N/A,N/A,N/A,N/A
43211,N/A,N/A,N/A,N/A,N/A,N/A
38170,N/A,N/A,N/A,N/A,N/A,N/A
39403,N/A,N/A,N/A,N/A,N/A,N/A
38618,N/A,N/A,N/A,N/A,N/A,N/A
38182,N/A,N/A,N/A,N/A,N/A,N/A
25495,33177600.0,30,2073600.0,960,N/A,N/A
27151,N/A,N/A,N/A,N/A,N/A,N/A
27257,2073600.0,30,2073600.0,N/A,N/A,N/A
35676,8294400.0,30,N/A,N/A,N/A,N/A
33751,N/A,N/A,N/A,N/A,N/A,N/A
31001,N/A,N/A,N/A,N/A,N/A,N/A
65016,N/A,N/A,N/A,N/A,N/A,N/A
40411,8294400.0,30,N/A,N/A,N/A,N/A
40413,N/A,N/A,N/A,N/A,N/A,N/A
42340,N/A,N/A,N/A,N/A,N/A,N/A
42698,N/A,N/A,N/A,N/A,N/A,N/A
36807,N/A,N/A,N/A,N/A,N/A,N/A
37900,N/A,N/A,N/A,N/A,N/A,N/A
38149,N/A,N/A,N/A,N/A,N/A,N/A
12089,N/A,30,2073600.0,30,N/A,N/A
30343,N/A,N/A,N/A,N/A,N/A,N/A
27257,2073600.0,30,2073600.0,N/A,N/A,N/A
45219,N/A,N/A,N/A,N/A,N/A,N/A
43221,N/A,N/A,N/A,N/A,N/A,N/A
85277,N/A,N/A,N/A,N/A,N/A,N/A
12089,N/A,30,2073600.0,30,N/A,N/A
33751,N/A,N/A,N/A,N/A,N/A,N/A
28318,N/A,N/A,N/A,N/A,N/A,N/A
35676,8294400.0,30,N/A,N/A,N/A,N/A
35666,N/A,N/A,N/A,N/A,N/A,N/A
28454,N/A,N/A,N/A,N/A,N/A,N/A
79218,N/A,N/A,N/A,N/A,N/A,N/A
88607,N/A,N/A,N/A,N/A,N/A,N/A
88454,N/A,N/A,N/A,N/A,N/A,N/A
88451,N/A,N/A,N/A,N/A,N/A,N/A
88460,N/A,N/A,N/A,N/A,N/A,N/A
89712,N/A,N/A,N/A,N/A,N/A,N/A
84487,8294400.0,60,N/A,N/A,N/A,N/A
89503,N/A,N/A,N/A,N/A,N/A,N/A
79222,N/A,N/A,N/A,N/A,N/A,N/A
85256,N/A,N/A,N/A,N/A,N/A,N/A
44932,N/A,N/A,N/A,N/A,N/A,N/A
84377,N/A,N/A,N/A,N/A,N/A,N/A
79222,N/A,N/A,N/A,N/A,N/A,N/A
87306,921600.0,30,N/A,N/A,N/A,N/A
91991,N/A,N/A,N/A,N/A,N/A,N/A
24091,2073600.0,30,N/A,N/A,N/A,N/A
