product_id,megapixels (MP),secondary_megapixels (MP),wide_camera_mp (f/),macro_camera_mp (radian)
59254,12,N/A,1.9,N/A
76439,32,N/A,2,80
59294,12,N/A,2.2,N/A
59257,12,N/A,1.9,N/A
59258,12,N/A,1.9,N/A
65919,10,4,2.2,N/A
43151,12,N/A,1.9,N/A
74613,10,N/A,N/A,N/A
53706,13,N/A,N/A,N/A
76443,32,N/A,2,80
36242,12,N/A,2.2,N/A
43152,12,N/A,1.9,N/A
45053,12,N/A,1.9,N/A
82082,13,N/A,2.0,N/A
65920,0,N/A,2.2,N/A
57499,12,N/A,N/A,N/A
43150,12,N/A,1.9,N/A
67006,12,N/A,1.9,N/A
57497,12,N/A,N/A,N/A
66374,16,N/A,N/A,N/A
73651,16,N/A,N/A,N/A
72332,8,N/A,N/A,N/A
85247,5,N/A,N/A,N/A
87242,5,N/A,N/A,N/A
67378,16,N/A,N/A,N/A
77853,16,N/A,N/A,N/A
72303,16,N/A,N/A,N/A
82062,13,N/A,2,N/A
52291,5,N/A,2.2,N/A
80473,50,N/A,2.4,N/A
16520,12,N/A,2.2,N/A
51996,12,N/A,1.9,N/A
57154,10,N/A,N/A,N/A
53193,32,N/A,N/A,N/A
59255,12,N/A,1.9,N/A
68861,12,N/A,1.9,N/A
90116,12,N/A,1.9,N/A
82256,32,N/A,2.2,N/A
83012,32,N/A,N/A,N/A
56076,10,N/A,N/A,N/A
31495,12,N/A,1.9,N/A
58612,32,N/A,2.4,N/A
59293,12,N/A,2.2,N/A
66467,10,N/A,N/A,N/A
83010,32,N/A,N/A,N/A
68863,12,N/A,1.9,N/A
53270,13,N/A,N/A,N/A
70839,8,N/A,2.0,N/A
53194,8,N/A,2.0,N/A
52305,12,N/A,1.9,N/A
90118,12,N/A,1.9,N/A
53269,13,N/A,2.2,N/A
68866,12,N/A,1.9,N/A
68859,12,N/A,1.9,N/A
67555,13,N/A,2.0,N/A
60621,32,N/A,2.0,N/A
64832,N/A,N/A,2.0,N/A
62299,20,N/A,2,N/A
18071,N/A,N/A,N/A,N/A
72334,32,N/A,N/A,N/A
72749,12,N/A,2.2,N/A
72333,32,N/A,2.2,N/A
36485,12,N/A,2.2,N/A
18388,12,N/A,2.2,N/A
24746,12,N/A,2.2,N/A
60617,32,N/A,N/A,N/A
88564,0,N/A,2.0,N/A
72748,12,N/A,2.2,N/A
72328,8,N/A,2.0,N/A
69512,8,N/A,N/A,N/A
72750,12,N/A,2.2,N/A
90478,8,N/A,N/A,N/A
86450,8,N/A,N/A,N/A
88446,8,N/A,N/A,N/A
42973,40,N/A,2.2,N/A
60880,32,N/A,2.2,N/A
72337,50,N/A,N/A,N/A
82915,N/A,N/A,N/A,N/A
72331,32,N/A,N/A,N/A
73016,8,N/A,2.05,N/A
27473,12,N/A,2.2,N/A
75815,32,N/A,2.2,N/A
83041,12,N/A,N/A,N/A
84107,10,N/A,N/A,N/A
68864,12,N/A,1.9,N/A
44936,13,N/A,2.45,N/A
65136,N/A,N/A,N/A,N/A
72211,8,N/A,2.0,80
73942,32,N/A,2.4,N/A
42337,32,N/A,2.4,90
75812,32,N/A,2.2,N/A
64877,8,N/A,N/A,N/A
33487,12,N/A,2.2,N/A
60401,8,N/A,N/A,N/A
71982,8,N/A,2.0,N/A
59595,13,N/A,2.0,N/A
64927,8,N/A,2.0,N/A
84613,10,4,2.2,N/A
51999,12,N/A,1.9,N/A
74864,0,N/A,N/A,N/A
65137,N/A,N/A,N/A,N/A
72330,8,N/A,2.0,N/A
91445,5,N/A,2.2,N/A
89225,8,N/A,N/A,N/A
73650,5,N/A,N/A,N/A
83040,8,N/A,N/A,N/A
74179,N/A,N/A,2.22,N/A
39411,20,N/A,N/A,N/A
62717,5,N/A,2.2,N/A
86449,N/A,N/A,N/A,N/A
58610,32,N/A,2.4,N/A
35033,16,N/A,2.45,N/A
67726,50,N/A,2.0,N/A
61508,16,N/A,2.4,N/A
79120,5,N/A,N/A,N/A
78051,N/A,N/A,N/A,N/A
87123,5,N/A,N/A,N/A
90117,12,N/A,1.9,N/A
82889,50,N/A,N/A,N/A
77301,32,N/A,2.2,N/A
73771,8,N/A,N/A,N/A
90115,12,N/A,1.9,N/A
59734,20,32,2.2,N/A
29796,20,N/A,2.5,N/A
36486,12,N/A,2.2,N/A
84612,10,4,2.2,N/A
65638,13,N/A,2.45,N/A
90120,12,N/A,1.9,N/A
63068,16,N/A,2.45,N/A
33626,16,N/A,2.4,N/A
78197,5,N/A,2.2,N/A
90306,N/A,N/A,N/A,N/A
88459,5,N/A,N/A,N/A
56698,8,N/A,N/A,N/A
84614,0,N/A,2.2,N/A
79220,32,N/A,2.0,N/A
64928,8,N/A,2.0,N/A
51797,8,N/A,2.0,N/A
42153,32,N/A,2.2,N/A
58855,8,N/A,N/A,N/A
90677,N/A,N/A,N/A,N/A
90112,12,N/A,1.9,N/A
66832,8,N/A,2.0,N/A
60927,8,N/A,2.0,N/A
55753,8,N/A,N/A,N/A
86448,N/A,N/A,N/A,N/A
50676,32,N/A,2.0,N/A
90114,12,N/A,1.9,N/A
25863,12,N/A,2.2,N/A
59593,12,N/A,2.0,N/A
54152,8,N/A,2.0,N/A
68168,8,N/A,2.0,N/A
62088,8,N/A,2.0,N/A
79064,2,N/A,N/A,N/A
17018,32,N/A,2.4,N/A
83931,8,N/A,N/A,N/A
59736,32,N/A,2.4,90
41145,16,N/A,2.4,N/A
49374,16,N/A,2.4,79
90119,12,N/A,1.9,N/A
90675,8,N/A,N/A,N/A
33644,13,N/A,2.2,N/A
85820,5,N/A,N/A,N/A
80254,8,N/A,2.0,N/A
86542,5,N/A,N/A,N/A
44939,32,N/A,2.4,N/A
90676,N/A,N/A,N/A,N/A
64828,5,N/A,N/A,N/A
63898,32,N/A,2.5,N/A
53189,5,N/A,2.2,76.8
79802,16,N/A,N/A,N/A
39195,32,N/A,2.4,N/A
52293,5,N/A,N/A,N/A
48952,10,N/A,2.4,N/A
64066,5,N/A,2.2,N/A
79801,8,N/A,N/A,N/A
82236,16,N/A,2.45,N/A
72735,N/A,N/A,2.22,N/A
74388,5,N/A,N/A,N/A
92113,12,N/A,1.9,N/A
36639,20,N/A,2.24,N/A
90113,12,N/A,1.9,N/A
50751,5,N/A,N/A,N/A
74096,13,N/A,2.2,N/A
79219,8,8,2.0,N/A
54445,16,N/A,2.5,N/A
54484,5,N/A,N/A,N/A
91339,5,N/A,2.2,N/A
50350,32,N/A,2.4,N/A
57498,12,N/A,2.2,N/A
88631,N/A,N/A,N/A,N/A
89100,5,N/A,2.2,N/A
25864,12,N/A,2.2,N/A
33485,12,N/A,2.2,N/A
45051,12,N/A,1.9,N/A
44930,12,N/A,N/A,N/A
62296,20,N/A,2,N/A
46352,32,N/A,2.2,N/A
27451,12,N/A,2.2,N/A
36499,12,N/A,2.2,N/A
67556,13,N/A,2.2,N/A
32364,40,N/A,2.2,N/A
51990,12,N/A,1.9,N/A
44342,12,N/A,2.2,N/A
39188,16,N/A,2,N/A
49700,N/A,N/A,N/A,N/A
55687,16,N/A,N/A,N/A
51997,12,N/A,1.9,N/A
36243,12,N/A,2.2,N/A
88715,N/A,N/A,N/A,N/A
55754,12,N/A,2.2,N/A
68862,12,N/A,1.9,N/A
65313,10,4,2.2,N/A
49745,32,N/A,2.0,N/A
33627,12,N/A,N/A,N/A
42019,16,N/A,2.5,N/A
52306,12,N/A,1.9,N/A
30746,20,N/A,N/A,N/A
38610,10,4,N/A,N/A
78605,8,N/A,N/A,N/A
61511,16,N/A,2.45,N/A
60676,8,N/A,N/A,N/A
32667,16,N/A,2.5,N/A
71941,10,N/A,N/A,N/A
36492,12,N/A,2.2,N/A
49746,32,8,2.4,N/A
49381,20,N/A,N/A,N/A
35034,16,N/A,2.45,N/A
49793,32,N/A,2.0,N/A
62238,16,N/A,N/A,N/A
25217,10,N/A,2.2,N/A
41493,32,32,2.4,N/A
27478,12,N/A,2.2,N/A
44533,20,N/A,2.45,N/A
33630,32,N/A,N/A,N/A
65918,N/A,N/A,N/A,N/A
68867,12,N/A,1.9,N/A
77855,5,N/A,2.2,N/A
57237,5,N/A,N/A,N/A
42898,13,N/A,2.5,N/A
32366,10,N/A,2.2,N/A
33640,8,N/A,2.2,N/A
42339,20,N/A,2.4,N/A
50348,12,N/A,N/A,N/A
75775,5,N/A,N/A,N/A
28517,4,N/A,1.8,N/A
51995,12,N/A,1.9,N/A
73396,16,N/A,2.0,N/A
39407,N/A,N/A,N/A,N/A
61666,N/A,N/A,2.22,N/A
35920,20,N/A,N/A,N/A
57320,32,N/A,N/A,N/A
84464,16,N/A,N/A,N/A
82067,16,N/A,N/A,N/A
90941,N/A,N/A,N/A,N/A
64264,13,N/A,2.5,N/A
42974,40,N/A,2.2,N/A
57372,12,N/A,N/A,N/A
81359,8,N/A,N/A,N/A
70735,16,N/A,N/A,N/A
75778,N/A,N/A,N/A,N/A
71547,N/A,N/A,N/A,N/A
60343,16,N/A,N/A,N/A
64834,32,N/A,2.4,N/A
59296,13,N/A,2.4,N/A
55071,8,N/A,2.2,N/A
56074,16,N/A,N/A,N/A
57708,5,N/A,2.2,N/A
28025,10,N/A,2.2,N/A
62014,16,N/A,2.5,N/A
84472,50,N/A,N/A,N/A
60619,32,N/A,N/A,N/A
78903,13,N/A,2.0,N/A
83579,N/A,N/A,N/A,N/A
75800,0,N/A,2.45,N/A
36493,12,N/A,2.2,N/A
38621,32,N/A,N/A,N/A
50200,16,N/A,N/A,N/A
83340,50,N/A,N/A,N/A
48337,5,N/A,2.2,N/A
66931,8,N/A,2.0,N/A
12436,7,N/A,N/A,N/A
61834,5,N/A,N/A,N/A
84477,50,N/A,N/A,N/A
72210,N/A,N/A,N/A,N/A
77856,50,N/A,2.0,N/A
55068,8,N/A,2.2,N/A
72201,N/A,N/A,N/A,N/A
59598,16,N/A,2.5,N/A
66377,5,N/A,N/A,N/A
36501,12,N/A,2.2,N/A
62012,32,N/A,2.5,N/A
55930,16,N/A,N/A,N/A
89099,8,N/A,N/A,N/A
64073,16,N/A,N/A,N/A
77505,12,N/A,N/A,N/A
51983,12,N/A,1.9,N/A
35084,N/A,N/A,N/A,N/A
73393,32,N/A,2.0,N/A
89224,0,N/A,2.4,N/A
79117,16,N/A,N/A,N/A
48949,10,4,N/A,N/A
57253,16,N/A,2.45,N/A
72207,13,N/A,2.4,N/A
58609,20,N/A,N/A,N/A
55511,8,N/A,2.0,N/A
72113,5,N/A,N/A,N/A
56134,6,N/A,2.3,N/A
88563,N/A,N/A,N/A,N/A
88452,N/A,N/A,N/A,N/A
66929,8,N/A,2.0,N/A
78048,N/A,N/A,N/A,N/A
82061,8,N/A,N/A,N/A
50258,16,N/A,N/A,N/A
83341,N/A,N/A,N/A,N/A
54285,32,32,2.4,N/A
63276,16,N/A,2.45,N/A
61801,12,N/A,N/A,N/A
78379,8,N/A,N/A,N/A
87124,13,N/A,N/A,N/A
49629,16,N/A,2.4,N/A
55763,32,N/A,N/A,N/A
83038,32,N/A,N/A,N/A
63450,8,N/A,N/A,N/A
89107,8,N/A,N/A,N/A
49114,44,8,N/A,N/A
73551,32,N/A,N/A,N/A
72114,8,N/A,2.0,N/A
49112,13,N/A,2.0,N/A
53443,8,N/A,2.0,N/A
71548,24,N/A,N/A,N/A
53192,32,N/A,N/A,N/A
82060,16,N/A,N/A,N/A
73017,16,N/A,N/A,N/A
35897,10,N/A,2.4,N/A
90480,N/A,N/A,N/A,N/A
54449,13,N/A,N/A,N/A
66932,8,N/A,2.0,N/A
81357,8,N/A,N/A,N/A
49260,5,N/A,N/A,N/A
28959,N/A,N/A,N/A,N/A
85242,16,N/A,N/A,N/A
62208,13,N/A,2.4,N/A
86565,5,N/A,2.2,N/A
55509,1,N/A,2.2,N/A
64268,16,N/A,N/A,N/A
85458,32,N/A,N/A,N/A
63188,16,N/A,N/A,N/A
59589,8,N/A,2.0,N/A
64327,16,N/A,2.0,N/A
72198,16,N/A,2.5,N/A
46376,16,N/A,2.5,N/A
65917,N/A,N/A,N/A,N/A
85279,N/A,N/A,N/A,N/A
87082,13,N/A,N/A,N/A
60677,32,N/A,N/A,N/A
25663,20,N/A,2.3,N/A
55079,13,N/A,2.4,N/A
62305,5,N/A,2.0,N/A
26380,20,N/A,2.2,N/A
27852,16,N/A,2.0,N/A
72199,20,N/A,N/A,N/A
81322,8,N/A,N/A,N/A
66376,32,N/A,N/A,N/A
53774,32,N/A,2.5,N/A
55933,50,N/A,2.5,N/A
55756,16,N/A,2.4,N/A
85263,N/A,N/A,N/A,N/A
73955,5,N/A,N/A,N/A
67045,16,N/A,2.5,N/A
55514,8,N/A,2.0,N/A
82273,13,N/A,N/A,N/A
72221,5,N/A,2.2,N/A
51346,8,N/A,N/A,N/A
61506,16,N/A,2.45,N/A
28759,N/A,N/A,N/A,N/A
84534,50,N/A,N/A,N/A
62019,8,N/A,2.2,N/A
60319,5,N/A,N/A,N/A
31468,16,N/A,2.5,N/A
84461,16,N/A,N/A,N/A
63451,8,5,2.0,N/A
74090,16,N/A,N/A,N/A
75776,0,N/A,N/A,N/A
63187,16,N/A,N/A,N/A
73552,13,N/A,N/A,N/A
60342,N/A,N/A,N/A,N/A
51223,5,N/A,2.2,N/A
54455,N/A,N/A,N/A,N/A
49969,16,N/A,2.1,N/A
60622,32,N/A,N/A,N/A
50771,16,N/A,N/A,N/A
62013,32,N/A,2.5,N/A
54438,5,N/A,N/A,N/A
55082,32,N/A,2.5,N/A
66360,16,N/A,N/A,N/A
64064,50,2,2.4,N/A
50678,16,N/A,2.5,N/A
84463,8,N/A,N/A,N/A
60625,16,N/A,2.4,N/A
60755,16,N/A,2.0,N/A
72502,32,N/A,N/A,N/A
59252,5,N/A,N/A,N/A
53437,16,N/A,2.0,N/A
64072,N/A,N/A,N/A,N/A
67547,8,N/A,N/A,N/A
55512,8,N/A,2.0,N/A
60694,N/A,N/A,N/A,N/A
64836,8,N/A,N/A,N/A
59597,N/A,N/A,N/A,N/A
46949,8,N/A,2.0,N/A
67366,16,N/A,N/A,N/A
63900,32,N/A,2.5,N/A
35922,20,N/A,N/A,N/A
60695,N/A,N/A,N/A,N/A
64269,32,N/A,2.4,N/A
28988,13,N/A,2.4,N/A
67369,16,N/A,2.45,N/A
72501,32,N/A,2.4,89
60165,16,N/A,2.5,N/A
72216,50,N/A,2.5,N/A
74344,16,N/A,N/A,N/A
53272,N/A,N/A,N/A,N/A
67731,16,N/A,2.0,N/A
53276,32,N/A,2.4,N/A
62345,0,N/A,N/A,N/A
72192,8,N/A,N/A,N/A
52711,N/A,N/A,N/A,N/A
66362,32,N/A,N/A,N/A
63453,25,N/A,2.0,N/A
55513,8,8,1.8,N/A
78042,50,N/A,2.0,N/A
49581,8,N/A,2.0,N/A
63070,16,N/A,2.2,N/A
62323,8,N/A,N/A,N/A
59052,8,N/A,2.0,N/A
62089,N/A,N/A,N/A,N/A
62040,N/A,N/A,N/A,N/A
60679,32,32,2.0,N/A
74345,16,N/A,N/A,N/A
67356,5,N/A,2.2,N/A
63454,8,N/A,2.0,N/A
52303,32,N/A,N/A,N/A
85457,32,N/A,N/A,N/A
72190,8,60,2.2,N/A
56070,N/A,N/A,N/A,N/A
17861,16,N/A,N/A,N/A
72225,5,N/A,2.2,N/A
81356,8,N/A,N/A,N/A
55531,8,N/A,2.4,N/A
55691,16,N/A,N/A,N/A
56135,6,N/A,2.3,N/A
77854,N/A,N/A,N/A,N/A
66254,16,N/A,N/A,N/A
31299,16,N/A,2.4,N/A
66241,N/A,N/A,N/A,N/A
81109,50,N/A,2.4,N/A
76433,32,N/A,2.0,N/A
51784,16,N/A,N/A,N/A
55519,8,N/A,2.0,N/A
51784,16,N/A,N/A,N/A
85267,N/A,N/A,N/A,N/A
30767,20,N/A,N/A,N/A
55529,8,N/A,2.4,N/A
55522,8,8,1.8,N/A
50260,8,N/A,2.0,N/A
62301,32,N/A,N/A,N/A
56132,16,N/A,N/A,N/A
64075,16,N/A,N/A,N/A
67044,N/A,N/A,N/A,N/A
59250,8,N/A,2.0,N/A
52473,16,N/A,N/A,N/A
50842,8,N/A,N/A,N/A
64468,16,16,N/A,N/A
66375,N/A,N/A,N/A,N/A
84535,32,N/A,N/A,N/A
66246,16,N/A,2.5,N/A
55532,8,N/A,2.0,N/A
55760,7,N/A,2.2,N/A
72116,8,N/A,2.0,N/A
62035,32,N/A,2.4,N/A
67043,N/A,N/A,N/A,N/A
64469,50,N/A,N/A,N/A
39979,8,N/A,2.0,N/A
25889,16,N/A,2.4,N/A
55937,N/A,N/A,N/A,N/A
14119,16,2,2.0,N/A
54451,32,N/A,2.4,N/A
79116,5,N/A,2.2,N/A
50203,16,N/A,2.5,N/A
54287,5,N/A,2.0,N/A
50696,5,N/A,2.0,N/A
54277,60,N/A,2.4,N/A
54962,32,N/A,N/A,N/A
64076,16,N/A,N/A,N/A
67959,16,N/A,N/A,N/A
78905,8,N/A,2.0,N/A
51789,N/A,N/A,N/A,N/A
64074,16,N/A,2.4,N/A
85235,N/A,N/A,N/A,N/A
85235,N/A,N/A,N/A,N/A
49970,16,N/A,2.5,N/A
69536,16,N/A,N/A,N/A
67549,16,N/A,N/A,N/A
54278,8,60,2.2,N/A
54670,N/A,N/A,N/A,N/A
46948,20,N/A,N/A,N/A
35117,20,N/A,N/A,N/A
79124,16,N/A,2.45,N/A
88457,N/A,N/A,N/A,N/A
84532,50,N/A,N/A,N/A
55508,16,N/A,2.0,N/A
67957,16,N/A,2.0,N/A
84349,50,N/A,N/A,N/A
76438,32,N/A,N/A,N/A
72115,8,N/A,2.0,N/A
77350,12,N/A,N/A,N/A
81358,8,N/A,N/A,N/A
54276,12,N/A,2.0,N/A
62020,16,16,2.5,N/A
62020,16,16,2.5,N/A
61507,50,N/A,2.,N/A
76428,32,N/A,N/A,N/A
81323,8,N/A,N/A,N/A
67046,32,N/A,N/A,N/A
76429,32,N/A,N/A,N/A
84467,8,N/A,N/A,N/A
85253,N/A,N/A,N/A,N/A
72203,32,N/A,1.8,N/A
51344,16,N/A,N/A,N/A
62351,0,N/A,N/A,N/A
63752,8,N/A,N/A,N/A
59594,N/A,N/A,N/A,N/A
66243,16,N/A,N/A,N/A
76427,32,N/A,N/A,N/A
54944,32,N/A,2.5,N/A
46954,8,N/A,2.0,N/A
49582,16,N/A,2.0,N/A
62036,60,N/A,2.2,N/A
62039,50,N/A,2.0,N/A
62327,16,N/A,2.4,N/A
49582,16,N/A,2.0,N/A
64070,16,N/A,2.4,N/A
72509,13,N/A,N/A,N/A
51335,8,N/A,2.0,N/A
54268,5,N/A,2.2,N/A
44998,5,N/A,N/A,N/A
52470,N/A,N/A,N/A,N/A
63941,10,N/A,N/A,N/A
89509,N/A,N/A,N/A,N/A
91267,N/A,N/A,N/A,N/A
64071,5,N/A,N/A,N/A
59268,8,N/A,2.0,N/A
59600,16,N/A,2.4,N/A
50680,16,N/A,N/A,N/A
82085,16,N/A,N/A,N/A
64065,50,N/A,N/A,N/A
67739,8,N/A,N/A,N/A
50876,N/A,N/A,N/A,N/A
46378,16,N/A,2.5,N/A
65348,20,32,2.4,N/A
64063,50,N/A,2.4,N/A
73394,8,N/A,2.0,N/A
85273,N/A,N/A,N/A,N/A
77575,16,N/A,N/A,N/A
61799,42,N/A,2.4,N/A
72206,32,N/A,1.8,N/A
67365,0,N/A,N/A,N/A
60345,32,N/A,N/A,N/A
75808,32,N/A,2.2,N/A
73019,32,N/A,N/A,N/A
72752,16,N/A,N/A,N/A
74662,8,N/A,2.05,N/A
76444,44,N/A,N/A,N/A
62361,N/A,N/A,N/A,N/A
67364,5,N/A,N/A,N/A
67370,50,N/A,2.4,N/A
67728,32,N/A,2.0,N/A
59253,5,N/A,2.0,N/A
72209,8,N/A,N/A,N/A
55067,5,N/A,N/A,N/A
64471,32,N/A,N/A,N/A
63455,32,N/A,2.2,N/A
67377,13,N/A,N/A,N/A
87091,N/A,N/A,N/A,N/A
53790,5,N/A,2.0,N/A
62719,8,N/A,2.0,N/A
62029,N/A,N/A,N/A,N/A
61509,8,N/A,2.0,N/A
51221,8,N/A,2.0,N/A
25779,16,N/A,2.0,N/A
66240,8,N/A,N/A,N/A
54269,13,N/A,N/A,N/A
54815,8,N/A,2.0,N/A
87089,24,N/A,N/A,N/A
67360,5,N/A,2.2,N/A
53791,5,N/A,N/A,N/A
54940,10,N/A,2.2,N/A
76434,32,N/A,2.0,N/A
62042,5,N/A,N/A,N/A
62042,5,N/A,N/A,N/A
32201,32,N/A,N/A,N/A
55075,N/A,N/A,N/A,N/A
12655,N/A,N/A,N/A,N/A
85268,N/A,N/A,N/A,N/A
85282,N/A,N/A,N/A,N/A
59251,5,N/A,N/A,N/A
55534,8,N/A,2.0,N/A
55078,N/A,N/A,N/A,N/A
59291,5,N/A,2.4,N/A
60681,2,N/A,N/A,N/A
46377,44,N/A,N/A,N/A
50201,5,N/A,N/A,N/A
51798,16,N/A,2.0,N/A
62344,N/A,N/A,N/A,N/A
62411,5,N/A,N/A,N/A
62867,16,N/A,N/A,N/A
63072,16,N/A,N/A,N/A
50226,32,N/A,N/A,N/A
64068,16,N/A,2.0,N/A
63755,8,N/A,N/A,N/A
63071,16,N/A,N/A,N/A
52301,8,N/A,2.2,N/A
54813,N/A,N/A,N/A,N/A
63069,N/A,N/A,N/A,N/A
51343,N/A,N/A,N/A,N/A
40415,N/A,N/A,N/A,N/A
63446,8,N/A,2.0,N/A
89507,N/A,N/A,N/A,N/A
76431,32,N/A,N/A,N/A
91270,N/A,N/A,N/A,N/A
91269,N/A,N/A,N/A,N/A
76442,N/A,N/A,N/A,N/A
67958,20,N/A,2.0,N/A
62414,8,N/A,2.0,N/A
63074,8,N/A,2.0,N/A
59599,5,N/A,N/A,N/A
63447,8,N/A,N/A,N/A
73018,32,N/A,N/A,N/A
72208,32,N/A,2.45,N/A
73018,32,N/A,N/A,N/A
72208,32,N/A,2.45,N/A
87090,13,N/A,N/A,N/A
84111,N/A,N/A,N/A,N/A
76430,32,N/A,N/A,N/A
66368,5,N/A,N/A,N/A
59283,16,N/A,2.5,N/A
62363,5,N/A,N/A,N/A
64067,16,N/A,2.5,N/A
60696,N/A,N/A,N/A,N/A
67729,24,N/A,2.0,N/A
67961,24,N/A,2.0,N/A
76435,32,N/A,2.0,N/A
63750,32,N/A,2.4,89
63758,8,N/A,2.0,N/A
84346,5,N/A,N/A,N/A
56154,N/A,N/A,N/A,N/A
55073,N/A,N/A,N/A,N/A
81324,8,N/A,N/A,N/A
84110,N/A,N/A,N/A,N/A
46952,16,N/A,2.2,N/A
52295,13,N/A,2.4,N/A
60756,16,N/A,2.4,N/A
60923,13,N/A,N/A,N/A
72442,12,N/A,2.0,N/A
62353,N/A,N/A,N/A,N/A
62375,5,N/A,N/A,N/A
62413,N/A,N/A,N/A,N/A
52484,8,N/A,2.0,N/A
22013,N/A,N/A,N/A,N/A
73392,8,N/A,2.0,N/A
64472,16,N/A,N/A,N/A
55690,N/A,N/A,N/A,N/A
84341,16,N/A,N/A,N/A
53775,N/A,N/A,N/A,N/A
54942,N/A,N/A,N/A,N/A
50698,N/A,N/A,N/A,N/A
88458,16,N/A,2.4,N/A
30838,5,N/A,N/A,N/A
59249,8,N/A,2.0,N/A
54271,16,N/A,2.5,N/A
54671,16,N/A,N/A,N/A
60346,48,N/A,N/A,N/A
46953,50,N/A,2.0,N/A
49699,2,N/A,N/A,N/A
51355,N/A,N/A,N/A,N/A
62032,5,N/A,2.2,N/A
62038,16,N/A,2.45,N/A
62379,0,N/A,N/A,N/A
62381,2,N/A,N/A,N/A
62878,N/A,N/A,N/A,N/A
62518,N/A,N/A,N/A,N/A
67727,8,N/A,1.8,N/A
51790,13,N/A,2,N/A
22005,8,N/A,N/A,N/A
67725,16,N/A,N/A,N/A
62372,5,N/A,N/A,N/A
31022,N/A,N/A,N/A,N/A
55767,5,N/A,N/A,N/A
62322,N/A,N/A,N/A,N/A
55689,N/A,N/A,N/A,N/A
63073,32,N/A,N/A,N/A
64061,50,N/A,2.0,N/A
77349,32,N/A,N/A,N/A
85290,N/A,N/A,N/A,N/A
85274,N/A,N/A,N/A,N/A
24253,N/A,N/A,N/A,N/A
52302,16,N/A,2.0,N/A
52481,8,N/A,2.0,N/A
73395,8,N/A,1.8,N/A
55758,16,N/A,2.5,N/A
55934,5,N/A,2.2,N/A
51347,N/A,N/A,N/A,N/A
62310,8,N/A,2.0,N/A
63452,8,N/A,2.0,N/A
84466,5,N/A,2.2,N/A
61505,N/A,N/A,N/A,N/A
64062,N/A,N/A,N/A,N/A
84343,5,N/A,N/A,N/A
85280,N/A,N/A,N/A,N/A
85261,N/A,N/A,N/A,N/A
79100,8,N/A,N/A,N/A
76432,32,N/A,N/A,N/A
76436,32,N/A,N/A,N/A
63940,10,4,2.2,N/A
67724,8,N/A,N/A,N/A
29067,N/A,N/A,N/A,N/A
29106,N/A,N/A,N/A,N/A
29363,N/A,N/A,N/A,N/A
29371,N/A,N/A,N/A,N/A
29468,N/A,N/A,N/A,N/A
29502,N/A,N/A,N/A,N/A
28452,N/A,N/A,N/A,N/A
28519,N/A,N/A,N/A,N/A
28752,N/A,N/A,N/A,N/A
28763,N/A,N/A,N/A,N/A
28887,N/A,N/A,N/A,N/A
28895,N/A,N/A,N/A,N/A
28897,N/A,N/A,N/A,N/A
28973,N/A,N/A,N/A,N/A
29063,N/A,N/A,N/A,N/A
46929,5,N/A,N/A,N/A
46950,8,N/A,2.0,N/A
46974,N/A,N/A,N/A,N/A
48303,16,N/A,2.0,N/A
48346,7,N/A,N/A,N/A
48358,64,N/A,N/A,N/A
48574,32,N/A,N/A,N/A
45900,16,N/A,N/A,N/A
46351,N/A,N/A,N/A,N/A
29067,N/A,N/A,N/A,N/A
29106,N/A,N/A,N/A,N/A
29363,N/A,N/A,N/A,N/A
29371,N/A,N/A,N/A,N/A
29502,N/A,N/A,N/A,N/A
28452,N/A,N/A,N/A,N/A
28519,N/A,N/A,N/A,N/A
28763,N/A,N/A,N/A,N/A
51366,N/A,N/A,N/A,N/A
51372,N/A,N/A,N/A,N/A
52106,8,N/A,2.0,N/A
36667,N/A,N/A,N/A,N/A
36834,8,N/A,N/A,N/A
36920,16,N/A,2.4,N/A
36928,N/A,N/A,N/A,N/A
37256,N/A,N/A,N/A,N/A
37265,5,N/A,2.2,N/A
37865,N/A,N/A,N/A,N/A
37882,N/A,N/A,N/A,N/A
37898,16,N/A,N/A,N/A
37902,16,N/A,N/A,N/A
38612,16,N/A,2.4,N/A
39190,N/A,N/A,N/A,N/A
39192,32,N/A,2.5,N/A
39203,N/A,N/A,N/A,N/A
39758,8,N/A,N/A,N/A
40406,16,N/A,2.4,N/A
40425,32,N/A,N/A,N/A
42020,N/A,N/A,N/A,N/A
34235,N/A,N/A,N/A,N/A
45224,16,N/A,N/A,N/A
45454,16,N/A,2.2,N/A
45900,16,N/A,N/A,N/A
46351,N/A,N/A,N/A,N/A
35942,N/A,N/A,N/A,N/A
35966,8,N/A,2.0,N/A
36280,N/A,N/A,N/A,N/A
36290,32,N/A,N/A,N/A
36603,16,N/A,2.5,N/A
36613,16,N/A,N/A,N/A
32368,16,N/A,N/A,N/A
34883,5,N/A,N/A,N/A
34885,16,N/A,2.1,N/A
35132,N/A,N/A,N/A,N/A
33755,8,N/A,2.0,N/A
34223,N/A,N/A,N/A,N/A
34230,16,N/A,2.45,N/A
34235,N/A,N/A,N/A,N/A
32665,20,N/A,2.5,N/A
33217,N/A,N/A,N/A,N/A
50199,16,N/A,2.5,N/A
43230,N/A,N/A,N/A,N/A
43666,0,N/A,N/A,N/A
44346,16,N/A,N/A,N/A
44931,16,N/A,2.5,N/A
44933,32,N/A,N/A,N/A
45224,16,N/A,N/A,N/A
45454,16,N/A,2.2,N/A
45900,16,N/A,N/A,N/A
46351,N/A,N/A,N/A,N/A
36667,N/A,N/A,N/A,N/A
36834,8,N/A,N/A,N/A
36920,16,N/A,2.4,N/A
36928,N/A,N/A,N/A,N/A
37256,N/A,N/A,N/A,N/A
37265,5,N/A,2.2,N/A
37865,N/A,N/A,N/A,N/A
37882,N/A,N/A,N/A,N/A
37898,16,N/A,N/A,N/A
37902,16,N/A,N/A,N/A
38612,16,N/A,2.4,N/A
39190,N/A,N/A,N/A,N/A
39192,32,N/A,2.5,N/A
39203,N/A,N/A,N/A,N/A
39758,8,N/A,N/A,N/A
40406,16,N/A,2.4,N/A
40425,32,N/A,N/A,N/A
42020,N/A,N/A,N/A,N/A
51366,N/A,N/A,N/A,N/A
51372,N/A,N/A,N/A,N/A
35502,16,N/A,N/A,N/A
35507,32,N/A,2.5,N/A
35509,13,N/A,2.2,N/A
35669,N/A,N/A,N/A,N/A
35674,N/A,N/A,N/A,N/A
62034,8,N/A,2.0,N/A
62328,N/A,N/A,N/A,N/A
62352,N/A,N/A,N/A,N/A
62412,N/A,N/A,N/A,N/A
62869,32,N/A,N/A,N/A
63940,10,4,2.2,N/A
79610,N/A,N/A,N/A,N/A
35160,N/A,N/A,N/A,N/A
82059,16,N/A,N/A,N/A
83037,N/A,N/A,N/A,N/A
48848,8,N/A,2.0,N/A
48379,32,N/A,2.4,N/A
50760,32,N/A,N/A,N/A
66256,8,N/A,N/A,N/A
26791,5,N/A,N/A,N/A
26436,16,N/A,2.0,N/A
52299,8,N/A,N/A,N/A
25888,16,N/A,2.0,N/A
39753,32,N/A,N/A,N/A
40404,8,N/A,N/A,N/A
43232,N/A,N/A,N/A,N/A
43212,N/A,N/A,N/A,N/A
44323,16,N/A,N/A,N/A
48376,8,N/A,N/A,N/A
15376,N/A,N/A,N/A,N/A
43212,N/A,N/A,N/A,N/A
41212,8,N/A,2.0,N/A
44323,16,N/A,N/A,N/A
48376,8,N/A,N/A,N/A
40423,N/A,N/A,N/A,N/A
42031,16,N/A,2.4,N/A
41216,16,N/A,2.45,N/A
66256,8,N/A,N/A,N/A
52710,N/A,N/A,N/A,N/A
67738,5,N/A,N/A,N/A
66251,5,N/A,N/A,N/A
50699,8,N/A,2.2,N/A
27979,16,N/A,N/A,N/A
31017,N/A,N/A,N/A,N/A
31015,N/A,N/A,N/A,N/A
27250,5,N/A,2.2,N/A
17043,N/A,N/A,N/A,N/A
17098,N/A,N/A,N/A,N/A
27874,8,N/A,2.0,N/A
27252,5,N/A,N/A,N/A
42105,16,N/A,2.4,N/A
42821,8,N/A,N/A,N/A
42338,N/A,N/A,N/A,N/A
30014,N/A,N/A,N/A,N/A
31730,64,8,N/A,N/A
27981,16,N/A,2.0,N/A
25777,16,N/A,2.0,N/A
50699,8,N/A,2.2,N/A
31028,N/A,N/A,N/A,N/A
35364,N/A,N/A,N/A,N/A
45514,5,N/A,2.4,76
27979,16,N/A,N/A,N/A
27874,8,N/A,2.0,N/A
27252,5,N/A,N/A,N/A
62037,N/A,N/A,N/A,N/A
55759,N/A,N/A,N/A,N/A
26797,N/A,N/A,N/A,N/A
33744,N/A,N/A,N/A,N/A
31026,N/A,N/A,N/A,N/A
35513,32,8,N/A,N/A
15841,32,N/A,N/A,N/A
15842,32,N/A,N/A,N/A
15843,32,N/A,N/A,N/A
25497,32,N/A,2.0,N/A
27155,N/A,N/A,N/A,N/A
17970,N/A,N/A,N/A,N/A
19793,N/A,N/A,N/A,N/A
26797,N/A,N/A,N/A,N/A
28178,32,N/A,2.0,N/A
33748,N/A,N/A,N/A,N/A
33744,N/A,N/A,N/A,N/A
33746,N/A,N/A,N/A,N/A
35671,32,N/A,N/A,N/A
34227,N/A,N/A,N/A,N/A
33215,N/A,N/A,N/A,N/A
26799,20,N/A,2.0,N/A
31026,N/A,N/A,N/A,N/A
35513,32,8,N/A,N/A
43223,N/A,N/A,N/A,N/A
42029,16,N/A,N/A,N/A
40417,N/A,N/A,N/A,N/A
67047,16,N/A,N/A,N/A
29101,N/A,N/A,N/A,N/A
71546,N/A,N/A,N/A,N/A
55759,N/A,N/A,N/A,N/A
33215,N/A,N/A,N/A,N/A
33746,N/A,N/A,N/A,N/A
43223,N/A,N/A,N/A,N/A
35671,32,N/A,N/A,N/A
34227,N/A,N/A,N/A,N/A
33748,N/A,N/A,N/A,N/A
18715,32,N/A,N/A,N/A
82444,13,N/A,2.2,N/A
85499,8,N/A,N/A,N/A
76873,32,N/A,N/A,N/A
77602,16,N/A,N/A,N/A
88462,N/A,N/A,N/A,N/A
88455,N/A,N/A,N/A,N/A
88453,N/A,N/A,N/A,N/A
88456,N/A,N/A,N/A,N/A
88456,N/A,N/A,N/A,N/A
85500,5,5,2.2,N/A
90682,N/A,N/A,N/A,N/A
84342,16,N/A,N/A,N/A
85240,16,N/A,N/A,N/A
84465,32,N/A,N/A,N/A
76441,N/A,N/A,N/A,N/A
15557,16,N/A,2.0,N/A
76446,44,N/A,N/A,N/A
76437,32,N/A,N/A,N/A
28774,13,N/A,N/A,N/A
60882,13,N/A,2.2,N/A
72335,16,N/A,N/A,N/A
54275,5,N/A,2.4,N/A
29069,N/A,N/A,N/A,N/A
29145,N/A,N/A,N/A,N/A
37869,16,N/A,2.5,N/A
39977,8,N/A,2.0,N/A
41491,32,N/A,2.5,N/A
41496,N/A,N/A,N/A,N/A
37869,16,N/A,2.5,N/A
39977,8,N/A,2.0,N/A
41491,32,N/A,2.5,N/A
41496,N/A,N/A,N/A,N/A
43667,8,N/A,N/A,N/A
44531,12,N/A,N/A,N/A
45222,N/A,N/A,N/A,N/A
45260,20,N/A,2.5,N/A
45905,32,N/A,N/A,N/A
31311,N/A,N/A,N/A,N/A
31738,32,N/A,N/A,N/A
32197,N/A,N/A,N/A,N/A
30008,8,N/A,N/A,N/A
30345,16,N/A,2.1,N/A
30347,20,N/A,2.3,N/A
30519,20,N/A,N/A,N/A
30750,16,N/A,N/A,N/A
30773,N/A,N/A,N/A,N/A
29069,N/A,N/A,N/A,N/A
29145,N/A,N/A,N/A,N/A
36081,8,N/A,N/A,N/A
36089,8,N/A,N/A,N/A
36093,8,N/A,N/A,N/A
36231,N/A,N/A,N/A,N/A
36286,8,N/A,2.0,N/A
36293,8,N/A,N/A,N/A
36608,N/A,N/A,N/A,N/A
36611,8,N/A,N/A,N/A
35511,25,N/A,N/A,N/A
35665,N/A,N/A,N/A,N/A
54275,5,N/A,2.4,N/A
46943,16,N/A,2.4,N/A
46944,32,N/A,2.5,N/A
46947,5,N/A,2.0,N/A
48302,32,N/A,2.0,N/A
48356,8,N/A,N/A,N/A
48842,5,N/A,2.0,N/A
50451,20,N/A,N/A,N/A
51146,8,N/A,N/A,N/A
48843,8,N/A,N/A,N/A
31738,32,N/A,N/A,N/A
32197,N/A,N/A,N/A,N/A
35511,25,N/A,N/A,N/A
35665,N/A,N/A,N/A,N/A
35159,N/A,N/A,N/A,N/A
33213,N/A,N/A,N/A,N/A
48843,8,N/A,N/A,N/A
48844,16,N/A,N/A,N/A
48850,20,N/A,2.4,N/A
49747,8,N/A,2.0,N/A
49553,16,N/A,N/A,N/A
49554,8,N/A,N/A,N/A
49590,8,N/A,2.0,N/A
32663,20,N/A,2.5,N/A
30008,8,N/A,N/A,N/A
30345,16,N/A,2.1,N/A
30347,20,N/A,2.3,N/A
30519,20,N/A,N/A,N/A
30750,16,N/A,N/A,N/A
30773,N/A,N/A,N/A,N/A
72204,32,N/A,1.8,N/A
60340,8,N/A,2.0,N/A
60397,N/A,N/A,N/A,N/A
77507,N/A,N/A,N/A,N/A
46943,16,N/A,2.4,N/A
46944,32,N/A,2.5,N/A
46947,5,N/A,2.0,N/A
48302,32,N/A,2.0,N/A
48356,8,N/A,N/A,N/A
48842,5,N/A,2.0,N/A
18105,16,N/A,2.0,N/A
54275,5,N/A,2.4,N/A
45902,8,N/A,N/A,N/A
48348,16,N/A,N/A,N/A
45646,N/A,N/A,N/A,N/A
49968,8,N/A,N/A,N/A
16509,16,N/A,2.0,N/A
45455,N/A,N/A,N/A,N/A
26109,32,N/A,2.5,N/A
26796,N/A,N/A,N/A,N/A
42336,16,N/A,N/A,N/A
17875,13,N/A,N/A,N/A
16694,32,N/A,N/A,N/A
28515,8,N/A,2.0,N/A
25586,5,N/A,2.4,N/A
49175,16,N/A,N/A,N/A
48864,5,N/A,2.2,N/A
63449,5,N/A,N/A,N/A
64069,N/A,N/A,N/A,N/A
67734,5,N/A,N/A,N/A
27866,8,N/A,1.8,N/A
48572,8,N/A,N/A,N/A
44937,N/A,N/A,N/A,N/A
42902,8,N/A,N/A,N/A
27677,N/A,N/A,N/A,N/A
46350,N/A,N/A,N/A,N/A
31030,N/A,N/A,N/A,N/A
28187,32,N/A,2.0,N/A
11307,20,N/A,2.0,N/A
12069,20,N/A,2.0,N/A
30147,N/A,N/A,N/A,N/A
42900,8,N/A,1.8,N/A
26798,N/A,N/A,N/A,N/A
26109,32,N/A,2.5,N/A
26796,N/A,N/A,N/A,N/A
25778,16,N/A,2.0,N/A
26207,8,N/A,2.0,N/A
27261,8,2,2.4,N/A
27676,N/A,N/A,N/A,N/A
62386,2,N/A,N/A,N/A
67375,5,N/A,N/A,N/A
28515,8,N/A,2.0,N/A
25586,5,N/A,2.4,N/A
11312,20,N/A,2.0,N/A
32678,32,N/A,N/A,N/A
32674,8,N/A,2.0,N/A
48864,5,N/A,2.2,N/A
11307,20,N/A,2.0,N/A
12069,20,N/A,2.0,N/A
64069,N/A,N/A,N/A,N/A
26109,32,N/A,2.5,N/A
26796,N/A,N/A,N/A,N/A
25778,16,N/A,2.0,N/A
26207,8,N/A,2.0,N/A
55688,N/A,N/A,N/A,N/A
54446,16,N/A,2.5,N/A
48334,8,N/A,N/A,N/A
44935,32,N/A,N/A,N/A
31471,20,N/A,2.0,N/A
28181,8,N/A,2.0,N/A
31733,32,N/A,N/A,N/A
27680,N/A,N/A,N/A,N/A
32359,16,N/A,N/A,N/A
31735,N/A,N/A,N/A,N/A
28320,N/A,N/A,N/A,N/A
29459,N/A,N/A,N/A,N/A
28318,N/A,N/A,N/A,N/A
28757,N/A,N/A,N/A,N/A
43221,N/A,N/A,N/A,N/A
43211,N/A,N/A,N/A,N/A
38170,8,N/A,2.0,N/A
39403,N/A,N/A,N/A,N/A
38618,16,N/A,N/A,N/A
38182,N/A,N/A,N/A,N/A
25495,20,N/A,2.0,N/A
27151,N/A,N/A,N/A,N/A
27257,16,N/A,2.5,N/A
35676,44,N/A,2.0,N/A
33751,N/A,N/A,N/A,N/A
31001,N/A,N/A,N/A,N/A
65016,N/A,N/A,N/A,N/A
40411,16,N/A,2.1,N/A
40413,N/A,N/A,N/A,N/A
42340,N/A,N/A,N/A,N/A
42698,N/A,N/A,N/A,N/A
36807,32,N/A,N/A,N/A
37900,N/A,N/A,N/A,N/A
38149,32,N/A,N/A,N/A
12089,13,N/A,1.9,N/A
30343,N/A,N/A,N/A,N/A
27257,16,N/A,2.5,N/A
45219,N/A,N/A,N/A,N/A
43221,N/A,N/A,N/A,N/A
85277,N/A,N/A,N/A,N/A
12089,13,N/A,1.9,N/A
33751,N/A,N/A,N/A,N/A
28318,N/A,N/A,N/A,N/A
35676,44,N/A,2.0,N/A
35666,N/A,N/A,N/A,N/A
28454,N/A,N/A,N/A,N/A
79218,N/A,N/A,N/A,N/A
88607,5,N/A,N/A,N/A
88454,N/A,N/A,N/A,N/A
88451,N/A,N/A,N/A,N/A
88460,N/A,N/A,N/A,N/A
89712,N/A,N/A,N/A,N/A
84487,5,N/A,N/A,N/A
89503,N/A,N/A,N/A,N/A
79222,N/A,N/A,N/A,N/A
85256,N/A,N/A,N/A,N/A
44932,N/A,N/A,N/A,N/A
84377,50,N/A,N/A,N/A
79222,N/A,N/A,N/A,N/A
87306,8,N/A,N/A,N/A
91991,N/A,N/A,N/A,N/A
24091,N/A,N/A,N/A,N/A
