product_name,price_sale,price,percent_discount,promotion,screen_size,ram,rom,rating_count,rate_average,outstanding_feature
Samsung Galaxy S24 Plus 12GB 512GB,24.790.000đ,30.490.000đ,Giảm 19%,Không phí chuyển đổi khi trả góp 0% qua thẻ tín dụng kỳ hạn 3-6 tháng,N/A,N/A,N/A,null,null," Mở ra Kỷ nguyên Điện thoại AI Cao cấp -Hỗ trợ Phiên dịch cuộc gọi, trợ lí chỉnh ảnh, khoanh vùng để tìm kiếm |  Chụp ảnh bất kể không gian và thời gian - Camera 50MP với với công nghệ ProVisual, chụp đêm và siêu thu phóng |  Pin tối ưu thông minh cho cả ngày tràn đầy năng lượng - Viên pin 4900 mAh cho phép bạn xem video liên tục đến 29 giờ |  Nâng cấp màn hình trải nghiệm tuyệt đỉnh - Màn hình 6.7"" inch Dynamic AMOLED 2X cùng tần số quét 120Hz"
Samsung Galaxy S23 FE 8GB 256GB,12.390.000đ,16.890.000đ,Giảm 27%,Không phí chuyển đổi khi trả góp 0% qua thẻ tín dụng kỳ hạn 3-6 tháng,N/A,N/A,N/A,4,5/5," Galaxy AI tiện ích - Khoanh vùng search đa năng, là trợ lý chỉnh ảnh, chat thông minh, phiên dịch trực tiếp |  Giải trí với khung hình và âm thanh sống động - Màn hình Dynamic AMOLED 2X, 120Hz cùng công nghệ âm thanh nổi |  Chụp ảnh chuyên nghiệp trong bất kì hoàn cảnh nào - Camera 50MP chụp đêm sống động và ổn định |  Hiệu suất cải tiến vượt bậc - Vi xử lý Exynos 2200 tiến trình 4nm mạnh mẽ |  Năng lượng cho cả ngày - Viên pin 4500mAh cùng sạc nhanh đến 25W thần tốc"
Điện thoại Tecno Camon 30 12GB/256GB,6.190.000đ,6.990.000đ,Giảm 11%,Không phí chuyển đổi khi trả góp 0% qua thẻ tín dụng kỳ hạn 3-6 tháng,N/A,N/A,N/A,null,null,"Nâng tầm nhiếp ảnh chân dung với camera 50MP sắc nét, lưu giữ mọi khoảnh khắc đáng nhớ. | Trải nghiệm màn hình lớn mãn nhãn 6.78 inches, hiệu năng mạnh mẽ với chip Helio G99 Ultimate(6nm). | Thiết kế cổ điển cùng dung lượng pin 5000 mAh, sạc nhanh 70W giúp tăng thời lượng sử dụng."
TECNO SPARK 20PRO+,4.890.000đ,5.490.000đ,Giảm 11%,Không phí chuyển đổi khi trả góp 0% qua thẻ tín dụng kỳ hạn 3-6 tháng,N/A,N/A,N/A,15,5/5,Camera selfie 32MP tuyệt đẹp - Ghi lại mọi khoảnh khắc tỏa sáng của bạn. | Yên tâm sử dụng với khả năng chống nước và bụi cấp độ IP53. | Trải nghiệm hiệu năng vô song với bộ xử lý Mediatek Helio G99 mạnh mẽ nhất. | Thiết kế cong đôi công thái học - Sự kết hợp hoàn hảo giữa kiểu dáng đẹp và sự thoải mái.
OPPO Reno10 Pro+ 5G 12GB 256GB,14.390.000đ,19.990.000đ,Giảm 28%,,N/A,N/A,N/A,1,5/5,"Trải nghiệm hình ảnh sống động, rực rỡ và sắc nét với tấm nền AMOLED 6.74 inch cùng tần số quét 120Hz mượt mà. | Hiệu năng mạnh mẽ cho khả năng xử lý đa nhiệm mượt mà, chơi game cấu hình cao. | Chụp ảnh chuyên nghiệp, sắc nét và ấn tượng với camera sau AI 50MP (chính) & Phụ 64 MP, 8 MP | Sử dụng thoải mái cả ngày dài với pin dung lượng cao 4700mAh, hỗ trợ sạc nhanh SuperVOOC 100W."
TECNO SPARK Go 2024 4GB 64GB,1.950.000đ,2.190.000đ,Giảm 11%,Không phí chuyển đổi khi trả góp 0% qua thẻ tín dụng kỳ hạn 3-6 tháng,N/A,N/A,N/A,2,5/5,"Hiệu năng ổn định, đáp ứng tốt nhu cầu cơ bản với Unisoc T606. | Camera chính 13MP chụp ảnh sắc nét, màu sắc chân thực. | Pin trâu 5.000 mAh - Sử dụng cả ngày dài mà không lo hết pin. | Thiết kế vuông vức sang trọng, trẻ trung, phù hợp mọi đối tượng."
TECNO SPARK 20 8GB 128GB,3.050.000đ,3.490.000đ,Giảm 13%,Không phí chuyển đổi khi trả góp 0% qua thẻ tín dụng kỳ hạn 3-6 tháng,N/A,N/A,N/A,7,5/5,"Vi xử lý MediaTek Helio G85 thoải mái trải nghiệm. | Nâng tầm trải nghiệm nhiếp ảnh với cụm camera 50MP. | Kích thước lên tới 6.56 inch cùng tấm nền LCD hiện đại cho chất lượng hiển thị rõ ràng, chân thực trong từng khung hình. | Viên pin 5000 mAh, cung cấp trải nghiệm sử dụng suốt ngày dài."
Samsung Galaxy S24 Plus 12GB 256GB,20.490.000đ,26.990.000đ,Giảm 24%,Không phí chuyển đổi khi trả góp 0% qua thẻ tín dụng kỳ hạn 3-6 tháng,N/A,N/A,N/A,2,5/5," Mở ra Kỷ nguyên Điện thoại AI Cao cấp -Hỗ trợ Phiên dịch cuộc gọi, trợ lí chỉnh ảnh, khoanh vùng để tìm kiếm |  Chụp ảnh bất kể không gian và thời gian - Camera 50MP với với công nghệ ProVisual, chụp đêm và siêu thu phóng |  Pin tối ưu thông minh cho cả ngày tràn đầy năng lượng - Viên pin 4900 mAh cho phép bạn xem video liên tục đến 29 giờ |  Nâng cấp màn hình trải nghiệm tuyệt đỉnh - Màn hình 6.7"" inch Dynamic AMOLED 2X cùng tần số quét 120Hz"
Samsung Galaxy S23 FE 5G 8GB 128GB,10.890.000đ,14.890.000đ,Giảm 27%,Không phí chuyển đổi khi trả góp 0% qua thẻ tín dụng kỳ hạn 3-6 tháng,N/A,N/A,N/A,2,5/5," Galaxy AI tiện ích - Khoanh vùng search đa năng, là trợ lý chỉnh ảnh, chat thông minh, phiên dịch trực tiếp |  Giải trí với khung hình và âm thanh sống động - Màn hình Dynamic AMOLED 2X, 120Hz cùng công nghệ âm thanh nổi |  Chụp ảnh chuyên nghiệp trong bất kì hoàn cảnh nào - Camera 50MP chụp đêm sống động và ổn định |  Hiệu suất cải tiến vượt bậc - Vi xử lý Exynos 2200 tiến trình 4nm mạnh mẽ |  Năng lượng cho cả ngày - Viên pin 4500mAh cùng sạc nhanh đến 25W thần tốc"
Điện thoại Tecno Camon 30 8GB/256GB,5.690.000đ,6.490.000đ,Giảm 12%,Không phí chuyển đổi khi trả góp 0% qua thẻ tín dụng kỳ hạn 3-6 tháng,N/A,N/A,N/A,3,5/5,"Nâng tầm nhiếp ảnh chân dung với camera 50MP sắc nét, lưu giữ mọi khoảnh khắc đáng nhớ. | Trải nghiệm màn hình lớn mãn nhãn 6.78 inches, hiệu năng mạnh mẽ với chip Helio G99 Ultimate(6nm). | Thiết kế cổ điển cùng dung lượng pin 5000 mAh, sạc nhanh 70W giúp tăng thời lượng sử dụng."
Samsung Galaxy M55 (12GB 256GB) ,10.490.000đ,12.690.000đ,Giảm 17%,Không phí chuyển đổi khi trả góp 0% qua thẻ tín dụng kỳ hạn 3-6 tháng,N/A,N/A,N/A,3,5/5,"Trải nghiệm hình ảnh sống động và sắc nét với màn hình AMOLED 6.7 inch, độ phân giải Super AMOLED+. | Ghi lại những bức ảnh tuyệt đẹp với camera chính 50MP, khẩu độ f/1.8, cùng nhiều tính năng chụp ảnh thông minh. | Qualcomm Snapdragon 7 Gen 1 nhân kết hợp với RAM 12GB mang đến hiệu suất mạnh mẽ cho mọi tác vụ, từ chơi game đến chỉnh sửa video. | Pin khủng 5000mAh - Sử dụng điện thoại cả ngày dài mà không lo hết pin nhờ viên pin."
OPPO Find X5 Pro 12GB 256GB - Giá mới chỉ có tại CellphoneS,15.990.000đ,19.990.000đ,Giảm 20%,,N/A,N/A,N/A,null,null,"Chip Snapdragon 8 Gen 1 cho hiệu suất mạnh mẽ, cân mọi tác vụ từ giải trí đến làm việc | Màn hình AMOLED 120 Hz mang đến cho bạn trải nghiệm mượt mà, màu sắc sống động | Dùng thoải mái cả ngày với dung lượng pin 5.000 mAh, tích hợp sạc nhanh 80W hiện đại | RAM 12GB đảm bảo khả năng xử lý đa nhiệm không giật lag, ROM 256GB giúp lưu trữ tốt"
TECNO POVA 5 8GB 128GB,3.790.000đ,4.490.000đ,Giảm 16%,Không phí chuyển đổi khi trả góp 0% qua thẻ tín dụng kỳ hạn 3-6 tháng,N/A,N/A,N/A,14,5/5,"Thiết kế mạnh mẽ, lạ mắt với mặt lưng phẳng đi kèm các họa tiết độc đáo. | Dung lượng pin cao 6000mAh - Sẵn sàng cho bạn chiến các tựa game mà không bị gián đoạn. | Màn hình 6.78 inches, hỗ trợ độ phân giải 1080 x 2460 pixel - Chất lượng hình ảnh mượt mà, sắc nét. | Chip xử lý Helio G99 (6nm) - Cung cấp sức mạnh giúp bạn đáp ứng tốt mọi tác vụ."
Samsung Galaxy S23 Ultra 12GB 512GB ,24.990.000đ,36.990.000đ,Giảm 32%,Không phí chuyển đổi khi trả góp 0% qua thẻ tín dụng kỳ hạn 3-6 tháng,N/A,N/A,N/A,2,5/5," Galaxy AI tiện ích - Khoanh vùng search đa năng, là trợ lý chỉnh ảnh, note thông minh, phiên dịch trực tiếp |  Thoả sức chụp ảnh, quay video chuyên nghiệp - Camera đến 200MP, chế độ chụp đêm cải tiến, bộ xử lí ảnh thông minh |  Chiến game bùng nổ - chip Snapdragon 8 Gen 2 8 nhân tăng tốc độ xử lí, màn hình 120Hz, pin 5.000mAh |  Nâng cao hiệu suất làm việc với Siêu bút S Pen tích hợp, dễ dàng đánh dấu sự kiện từ hình ảnh hoặc video |  Thiết kế bền bỉ, thân thiện - Màu sắc lấy cảm hứng từ thiên nhiên, chất liệu kính và lớp phim phủ PET tái chế"
iPhone 15 Pro Max 256GB | Chính hãng VN/A,28.990.000đ,34.990.000đ,Giảm 17%,Không phí chuyển đổi khi trả góp 0% qua thẻ tín dụng kỳ hạn 3-6 tháng,6.7 inches,8 GB,256 GB,64,5/5," Thiết kế khung viền từ titan chuẩn hàng không vũ trụ - Cực nhẹ, bền cùng viền cạnh mỏng cầm nắm thoải mái |  Hiệu năng Pro chiến game thả ga - Chip A17 Pro mang lại hiệu năng đồ họa vô cùng sống động và chân thực |  Thoả sức sáng tạo và quay phim chuyên nghiệp - Cụm 3 camera sau đến 48MP và nhiều chế độ tiên tiến |  Nút tác vụ mới giúp nhanh chóng kích hoạt tính năng yêu thích của bạn"
Tecno Pova 6 (8GB/256GB),5.690.000đ,6.490.000đ,Giảm 12%,Không phí chuyển đổi khi trả góp 0% qua thẻ tín dụng kỳ hạn 3-6 tháng,N/A,N/A,N/A,6,5/5,"Màn hình 6.78 inch cho không gian rộng rãi để xem phim, chơi game và đọc sách. | Pin 6000mAh cho phép sử dụng máy trong thời gian dài mà không cần lo lắng về việc hết pin. | Bộ vi xử lý Helio G99 8 nhân cho hiệu năng mạnh mẽ, xử lý mượt mà các tác vụ đa nhiệm, chơi game 3D cấu hình cao và chỉnh sửa ảnh/video chuyên nghiệp. | Với thiết kế trẻ trung, năng động, Tecno Pova 6 phù hợp với những người dùng yêu thích sự cá tính và nổi bật."
Điện thoại Nubia Neo 2,4.990.000đ,5.490.000đ,Giảm 9%,"Trả góp 0% lãi suất, không trả trước, không phụ phí qua Shinhan Finance",6.72 inches,8 GB,256 GB,86,5/5,"Trải nghiệm hình ảnh mượt mà, sống động - Màn hình 6.72"" Full HD+ 120Hz | Chơi game liên tục không lo gián đoạn - Pin 6.000 mAh, sạc nhanh 33W | Âm thanh sống động, nhập vai - Hệ thống âm thanh nổi DTS:X Ultra | Trải nghiệm chơi game tuyệt vời - Trang bị nhiều tính năng chơi game, hiệu suất cao"
Xiaomi Redmi Note 13 (6GB 128GB),4.450.000đ,4.890.000đ,Giảm 9%,Không phí chuyển đổi khi trả góp 0% qua thẻ tín dụng kỳ hạn 3-6 tháng,6.67 inches,6 GB,128 GB,15,5/5," Bắt trọn khoảnh khắc - Cụm camera Redmi Note 13 đến 108MP mạnh mẽ cùng khả năng thu phóng 3x |  Màn hình đẳng cấp - Kích thước lớn 6.67"" AMOLED 120hz cuộn lướt mượt mà  |  Hiệu suất ổn định, đa nhiệm dễ dàng - Snapdragon 685 8 nhân cùng RAM 6GB |  Trải nghiệm Xiaomi Redmi Note 13 cả ngày không lo lắng - pin 5000mAh cùng sạc nhanh 33W"
Tecno Pova 6 Neo (8GB 128GB),4.150.000đ,4.590.000đ,Giảm 10%,Không phí chuyển đổi khi trả góp 0% qua thẻ tín dụng kỳ hạn 3-6 tháng,6.78 inches,8 GB,128 GB,14,5/5,"Pin 7000mAh cho phép sử dụng máy trong thời gian dài mà không cần lo lắng về việc hết pin. | Màn hình 6.78 inch cho không gian rộng rãi để xem phim, chơi game và đọc sách. | Bộ vi xử lý 8 nhân cho hiệu năng mạnh mẽ để xử lý các tác vụ đa nhiệm, chơi game mượt mà và chỉnh sửa ảnh, video hiệu quả. | Hệ thống 3 camera sau với camera chính 50MP, camera góc siêu rộng 8MP và camera macro 2MP cho phép bạn chụp ảnh và quay video chất lượng cao trong mọi điều kiện ánh sáng."
Samsung Galaxy A15 LTE 8GB 128GB,4.350.000đ,4.990.000đ,Giảm 13%,Không phí chuyển đổi khi trả góp 0% qua thẻ tín dụng kỳ hạn 3-6 tháng,6.5 inches,8 GB,128 GB,15,5/5,N/A
iPhone 15 Pro 128GB | Chính hãng VN/A,24.890.000đ,28.990.000đ,Giảm 14%,Không phí chuyển đổi khi trả góp 0% qua thẻ tín dụng kỳ hạn 3-6 tháng,6.1 inches,8 GB,128 GB,9,5/5," Thiết kế khung viền từ titan mới - Vật liệu cực nhẹ, bền cùng viền cạnh mỏng cho cảm giác cầm nắm thoải mái |  Luôn mạnh mẽ ở bất kì tác vụ nào với Chip A17 Pro cho đồ họa có độ phân giải cao nhưng tiêu thụ điện năng ít hơn |  Dynamic Island hiển thị linh động các cảnh báo giúp bạn không bỏ lỡ thông tin nào |  Bắt trọn khoảng khắc bạn yêu - Cụm 3 camera sau đến 48MP chụp đêm và chân dung hoàn hảo |  Nút tác vụ mới giúp nhanh chóng kích hoạt tính năng yêu thích của bạn"
iPhone 14 Pro 128GB | Chính hãng VN/A,22.990.000đ,27.990.000đ,Giảm 18%,Không phí chuyển đổi khi trả góp 0% qua thẻ tín dụng kỳ hạn 3-6 tháng,6.1 inches,6 GB,128 GB,9,5/5," Trải nghiệm thị giác ấn tượng - Màn hình Dynamic Island, sắc nét với công nghệ Super Retina XDR, mượt mà 120 Hz |  Tuyệt đỉnh thiết kế, tỉ mỉ từng đường nét - Nâng cấp toàn diện với kiểu dáng mới, nhiều lựa chọn màu sắc trẻ trung |  Hiệu năng hàng đầu thế giới - Apple A16 Bionic xử lí nhanh, ổn định mọi tác vụ |  Camera chuẩn nhiếp ảnh chuyên nghiệp - Camera sau 48MP trang bị nhiều công nghệ chụp đa dạng"
Xiaomi Redmi 14C,3.090.000đ,3.290.000đ,Giảm 6%,Không phí chuyển đổi khi trả góp 0% qua thẻ tín dụng kỳ hạn 3-6 tháng,6.88 inches,4 GB,128 GB,null,null,"Màn hình 6,88 inch, lớn nhất trên dòng Redmi cho đến nay, mang đến không gian xem rộng rãi và phong phú . | Viên pin lớn 5160mAh, giúp người dùng yên tâm duy trì kết nối mà không cần phải sạc lại thường xuyên. | Redmi 14C được trang bị bộ vi xử lý 8 nhân MediaTek Helio G81- Ultra, mang lại hiệu năng mượt mà và hiệu quả. | Điện thoại được trang bị hệ thống camera kép AI 50MP mạnh mẽ để dễ dàng ghi lại những khoảnh khắc đáng nhớ."
Xiaomi Redmi Note 13 Pro 4G,6.190.000đ,7.290.000đ,Giảm 15%,Không phí chuyển đổi khi trả góp 0% qua thẻ tín dụng kỳ hạn 3-6 tháng,6.67 inches,8 GB,128 GB,9,5/5,"Thu hút mọi ánh nhìn với thiết kế đẹp mắt, mặt lưng và khung nhựa nhẹ được làm bóng. | Công nghệ âm thanh Dolby Atmos - Trải nghiệm âm thanh sống động, chi tiết và mạnh mẽ. | Màn hình lớn Full HD+ đi kèm tần số quét cao 120 Hz - Cho phép người dùng tận hưởng mọi chi tiết một cách rõ ràng. | Hiệu năng mạnh mẽ, phù hợp với nhu cầu sử dụng đa nhiệm của người dùng hiện nay với chip MediaTek Helio G99-Ultra."
Samsung Galaxy Z Flip6,24.990.000đ,28.990.000đ,Giảm 14%,Không phí chuyển đổi khi trả góp 0% qua thẻ tín dụng kỳ hạn 3-6 tháng,6.7 inches,12 GB,256 GB,1,5/5,"Chip Snapdragon 8 Gen 3 8 nhân mang đến hiệu năng mạnh mẽ, cho phép bạn xử lý các tác vụ hàng ngày một cách mượt mà. | Màn hình gập 6.7 inch Dynamic AMOLED 2X 120Hz mang đến trải nghiệm hình ảnh tuyệt vời, với độ phân giải cao. | Camera sau 50MP + 12MP cho phép bạn chụp ảnh chất lượng cao, với độ chi tiết cao và màu sắc rực rỡ.  | Pin dung lượng 4000 mAh cho phép bạn sử dụng điện thoại cả ngày dài mà không cần lo lắng về việc hết pin. "
iPhone 15 Plus 128GB | Chính hãng VN/A,22.590.000đ,25.990.000đ,Giảm 13%,Không phí chuyển đổi khi trả góp 0% qua thẻ tín dụng kỳ hạn 3-6 tháng,6.7 inches,6 GB,128 GB,15,5/5, Thiết kế dẫn đầu xu hướng - Nhiều màu sắc trendy cùng chất liệu kính pha màu và khung nhôm vô cùng bền bỉ |  Nắm bắt và tương tác mọi thông tin dễ dàng hơn với Dynamic Island mở rộng |  Chụp ảnh chân dung xuất sắc mọi khoảnh khắc - Camera chính 48MP với tele 2X và chế độ chỉnh sửa đa dạng |  Hiệu năng cân mọi tác vụ - A16 Bionic mạnh mẽ cho mọi thao tác mượt mà và nhanh chóng
Xiaomi POCO X6 Pro 5G 8GB 256GB - Chỉ có tại CellphoneS,8.490.000đ,9.990.000đ,Giảm 15%,Không phí chuyển đổi khi trả góp 0% qua thẻ tín dụng kỳ hạn 3-6 tháng,6.67 inches,8 GB,256 GB,70,5/5,"Màn hình sống động, tần số 120Hz - Đem đến chất lượng hình ảnh sắc nét, màu sắc sống động. | Hiệu năng đỉnh cao với chip Dimensity 8300 Ultra - Chiến được hầu hết các tựa game mobile phổ biến. | Bộ 3 camera chất lượng, quay chụp sắc nét - Đem đến cho bạn những bức hình chân dung chất lượng cao. | Trang bị pin 5000mAh đi cùng sạc nhanh 67 W giúp bạn thoải mái sử dụng điện thoại suốt cả ngày dài."
iPhone 15 128GB | Chính hãng VN/A,19.590.000đ,22.990.000đ,Giảm 15%,Không phí chuyển đổi khi trả góp 0% qua thẻ tín dụng kỳ hạn 3-6 tháng,6.1 inches,6 GB,128 GB,20,5/5," Thiết kế thời thượng và bền bỉ - Mặt lưng kính được pha màu xu hướng cùng khung viền nhôm bền bỉ |  Dynamic Island hiển thị linh động mọi thông báo ngay lập tức giúp bạn nắm bắt mọi thông tin |  Chụp ảnh đẹp nức lòng - Camera chính 48MP, Độ phân giải lên đến 4x và Tele 2x chụp chân dung hoàn hảo |  Pin dùng cả ngày không lắng lo - Thời gian xem video lên đến 20 giờ và sạc nhanh qua cổng USB-C tiện lợi |  Cải tiến hiệu năng vượt bậc - A16 Bionic mạnh mẽ giúp bạn cân mọi tác vụ dù có yêu cầu đồ hoạ cao"
iPhone 13 128GB | Chính hãng VN/A,13.890.000đ,17.290.000đ,Giảm 20%,Không phí chuyển đổi khi trả góp 0% qua thẻ tín dụng kỳ hạn 3-6 tháng,6.1 inches,4 GB,128 GB,194,5/5," Hiệu năng vượt trội - Chip Apple A15 Bionic mạnh mẽ, hỗ trợ mạng 5G tốc độ cao |  Không gian hiển thị sống động - Màn hình 6.1"" Super Retina XDR độ sáng cao, sắc nét |  Trải nghiệm điện ảnh đỉnh cao - Camera kép 12MP, hỗ trợ ổn định hình ảnh quang học |  Tối ưu điện năng - Sạc nhanh 20 W, đầy 50% pin trong khoảng 30 phút"
Samsung Galaxy Z Fold6,38.490.000đ,43.990.000đ,Giảm 13%,Không phí chuyển đổi khi trả góp 0% qua thẻ tín dụng kỳ hạn 3-6 tháng,7.6 inches,12 GB,256 GB,4,5/5,"Màn hình chính Dynamic AMOLED 2X 7.6 inch cho trải nghiệm giải trí, làm việc đỉnh cao. | Chip Snapdragon 8 Gen 3 cho tốc độ xử lý siêu nhanh, đáp ứng tốt mọi nhu cầu sử dụng. | Camera chính 50.0 MP ghi lại những khoảnh khắc đẹp với độ chi tiết, màu sắc ấn tượng. | Pin 4400mAh cho phép bạn sử dụng điện thoại cả ngày dài mà không cần lo lắng về việc hết pin."
Samsung Galaxy S23 8GB 128GB - Chỉ có tại CellphoneS,13.590.000đ,22.990.000đ,Giảm 41%,Không phí chuyển đổi khi trả góp 0% qua thẻ tín dụng kỳ hạn 3-6 tháng,N/A,N/A,N/A,16,5/5," Galaxy AI tiện ích - Khoanh vùng search đa năng, là trợ lý chỉnh ảnh, chat thông minh, phiên dịch trực tiếp |  Hiệu năng vượt trội với con chip hàng đầu Qualcomm - Phục vụ tốt nhu cầu đa nhiệm ngày của người dùng. |  Trang bị bộ 3 ống kính với camera chính 50MP - Đem lại khả năng quay video và chụp ra những bức ảnh tốt, hài hòa, sống động hơn. |  Nâng cấp trải nghiệm với màn hình Dynamic AMOLED 2X - Phù hợp dùng để xem phim hay chơi các tựa game có nội dung hình ảnh đồ họa cao. |  Sở hữu lối thiết kế sang trọng, đẳng cấp cùng các bảng màu sắc thời thượng, trẻ trung."
Samsung Galaxy S24 Ultra 12GB 256GB,25.990.000đ,33.990.000đ,Giảm 24%,Không phí chuyển đổi khi trả góp 0% qua thẻ tín dụng kỳ hạn 3-6 tháng,N/A,N/A,N/A,19,5/5,"Trải nghiệm đỉnh cao với hiệu năng mạnh mẽ từ vi xử lý tân tiến, kết hợp cùng RAM 12GB cho khả năng đa nhiệm mượt mà. | Lưu trữ thoải mái mọi ứng dụng, hình ảnh và video với bộ nhớ trong 256GB. | Nâng tầm nhiếp ảnh di động với hệ thống camera tiên tiến, cho ra đời những bức ảnh và video chất lượng chuyên nghiệp. | Thiết kế sang trọng, đẳng cấp, khẳng định phong cách thời thượng."
Xiaomi Redmi Note 13 Pro Plus 5G 8GB 256GB,9.690.000đ,10.990.000đ,Giảm 12%,Không phí chuyển đổi khi trả góp 0% qua thẻ tín dụng kỳ hạn 3-6 tháng,6.67 inches,8 GB,256 GB,13,5/5," Thiết kế cao cấp và bền bỉ vượt trội - Kính cường lực Gorilla Glass Victus cùng chuẩn kháng bụi, nước IP68 |  Trải nghiệm giải trí hoàn hảo - Màn hình AMOLED 1.5K, độ sáng tối đa 1800nits và tần số quét 120Hz |  Trọn vẹn cả ngày dài - Pin 5000mAh cùng sạc nhanh siêu tốc 120W |  Mọi khung hình trở nên sắc nét ấn tượng - Camera 200MP, chống rung quang học cùng khả năng siêu thu phóng 2x, 4x"
iPhone 13 Pro Max 128GB | Chính hãng VN/A,22.990.000đ,28.990.000đ,Giảm 21%,Không phí chuyển đổi khi trả góp 0% qua thẻ tín dụng kỳ hạn 3-6 tháng,6.7 inches,6 GB,128 GB,174,5/5," Hiệu năng vượt trội - Chip Apple A15 Bionic mạnh mẽ, hỗ trợ mạng 5G tốc độ cao |  Không gian hiển thị sống động - Màn hình 6.7"" Super Retina XDR độ sáng cao, sắc nét |  Trải nghiệm điện ảnh đỉnh cao - Cụm 3 camera kép 12MP, hỗ trợ ổn định hình ảnh quang học |  Tối ưu điện năng - Sạc nhanh 20 W, đầy 50% pin trong khoảng 30 phút"
OPPO A3 (6GB 128GB),4.990.000đ,N/A,N/A,"Trả góp 0% lãi suất, không trả trước, không phụ phí qua Shinhan Finance",6.67 inches,6 GB,128 GB,2,5/5,"Màn hình LCD, 6.67 inch cho phép bạn xem nội dung với độ chi tiết cao và màu sắc rực rỡ. | Chip Snapdragon 6s 4G Gen 1 mang đến hiệu năng mượt mà, xử lý các tác vụ hàng ngày một cách nhanh chóng. | Camera sau 50MP cho phép bạn chụp ảnh chất lượng cao, với độ chi tiết cao và màu sắc rực rỡ.  | Pin dung lượng lớn 5100mAh cho phép bạn sử dụng điện thoại cả ngày dài mà không cần lo lắng về việc hết pin."
OPPO Reno12 F 5G (8GB 256GB),9.490.000đ,N/A,N/A,"Trả góp 0% lãi suất, không trả trước, không phụ phí qua Shinhan Finance",6.7 inches,8 GB,256 GB,null,null,"Màn hình rộng với độ phân giải Full HD+ cho hình ảnh sắc nét, màu sắc rực rỡ và độ tương phản cao, mang đến trải nghiệm xem phim, chơi game và đọc sách tuyệt vời. | Thiết kế mỏng nhẹ dễ dàng mang theo bên mình, đồng thời vẫn đảm bảo độ bền bỉ và chắc chắn. | Hỗ trợ sạc nhanh 45W - Sạc nhanh chóng và hiệu quả, giúp bạn tiết kiệm thời gian. | Hệ điều hành mới nhất mang đến nhiều tính năng mới và cải tiến."
iPhone 11 64GB | Chính hãng VN/A ,8.890.000đ,11.990.000đ,Giảm 26%,Không phí chuyển đổi khi trả góp 0% qua thẻ tín dụng kỳ hạn 3-6 tháng,6.1 inches,4 GB,64 GB,138,5/5," Màu sắc phù hợp cá tính - 6 màu sắc bắt mắt để lựa chọn |  Hiệu năng mượt mà, ổn định - Chip A13, RAM 4GB |  Bắt trọn khung hình - Camera kép hỗ trợ góc rộng, chế độ Night Mode |  Yên tâm sử dụng - Kháng nước, kháng bụi IP68, kính cường lực Gorilla"
Xiaomi POCO M6 (6GB 128GB) ,3.890.000đ,4.290.000đ,Giảm 9%,Không phí chuyển đổi khi trả góp 0% qua thẻ tín dụng kỳ hạn 3-6 tháng, 6.79 inches,6 GB,128 GB,3,5/5,"Màn hình 6.79 inch với tần số quét 90Hz cho trải nghiệm xem phim, chơi game mượt mà và sống động. | Pin 5030mAh cho phép bạn sử dụng điện thoại cả ngày dài mà không lo hết pin. | Hỗ trợ sạc nhanh 33W: Sạc nhanh chóng và hiệu quả, giúp bạn tiết kiệm thời gian. | Với thiết kế trẻ trung, năng động, POCO M6 phù hợp với những người dùng yêu thích sự cá tính và nổi bật."
Infinix Note 40 Pro 8GB 256GB,5.790.000đ,5.990.000đ,Giảm 3%,"Trả góp 0% lãi suất, không trả trước, không phụ phí qua Shinhan Finance",6.78 inches,8 GB,256 GB,6,5/5,"Màn hình AMOLED 6.78 inch cho trải nghiệm hình ảnh sống động, rực rỡ và mượt mà. | CPU MediaTek Helio G99 8 nhân, 8GB RAM LPDDR4X và 256GB ROM cho khả năng xử lý đa nhiệm mượt mà, chơi game cấu hình cao và làm việc đồ họa chuyên nghiệp. | Camera sau 108MP AI - Chụp ảnh chuyên nghiệp, sắc nét và ấn tượng. | Sử dụng thoải mái cả ngày dài với pin dung lượng lớn 5000mAh cho bạn sạc đầy pin nhanh chóng để tiếp tục sử dụng."
Samsung Galaxy S23 Ultra 256GB,22.990.000đ,31.990.000đ,Giảm 28%,Không phí chuyển đổi khi trả góp 0% qua thẻ tín dụng kỳ hạn 3-6 tháng,6.8 inches,8 GB,256 GB,29,5/5," Galaxy AI tiện ích - Khoanh vùng search đa năng, là trợ lý chỉnh ảnh, note thông minh, phiên dịch trực tiếp |  Thoả sức chụp ảnh, quay video chuyên nghiệp - Camera đến 200MP, chế độ chụp đêm cải tiến, bộ xử lí ảnh thông minh |  Chiến game bùng nổ - chip Snapdragon 8 Gen 2 8 nhân tăng tốc độ xử lí, màn hình 120Hz, pin 5.000mAh |  Nâng cao hiệu suất làm việc với Siêu bút S Pen tích hợp, dễ dàng đánh dấu sự kiện từ hình ảnh hoặc video |  Thiết kế bền bỉ, thân thiện - Màu sắc lấy cảm hứng từ thiên nhiên, chất liệu kính và lớp phim phủ PET tái chế"
iPhone 14 128GB  | Chính hãng VN/A,16.990.000đ,19.990.000đ,Giảm 15%,Không phí chuyển đổi khi trả góp 0% qua thẻ tín dụng kỳ hạn 3-6 tháng,6.1 inches,6 GB,128 GB,8,5/5," Tuyệt đỉnh thiết kế, tỉ mỉ từng đường nét - Nâng cấp toàn diện với kiểu dáng mới, nhiều lựa chọn màu sắc trẻ trung |  Nâng tầm trải ngiệm giải trí đỉnh cao - Màn hình 6,1"""" cùng tấm nền OLED có công nghệ Super Retina XDR cao cấp |  Chụp ảnh chuyên nghiệp hơn - Cụm 2 camera 12 MP đi kèm nhiều chế độ và chức năng chụp hiện đại  |  Hiệu năng hàng đầu thế giới - Apple A15 Bionic 6 nhân xử lí nhanh, ổn định"
Samsung Galaxy A55 5G 8GB 128GB,9.290.000đ,9.990.000đ,Giảm 7%,Không phí chuyển đổi khi trả góp 0% qua thẻ tín dụng kỳ hạn 3-6 tháng,6.6 inches,8 GB,128 GB,7,5/5,"Chip Exynos 1480 4nm - Sử dụng mượt mà, linh hoạt với các tác vụ nặng nề mà không gặp trở ngại. | Với camera góc rộng 12MP mang đến khả năng thu trọn mọi khung cảnh vào khung hình. | Tần số quét 120Hz - Mỗi hành động trên màn hình đều trở nên mượt mà đáng kinh ngạc. | Pin 5000 mAh kết hợp cùng sạc nhanh 25W - Sử dụng thoải mái trong mọi hoạt động hằng ngày."
iPhone 15 Pro 256GB | Chính hãng VN/A,28.090.000đ,31.990.000đ,Giảm 12%,Không phí chuyển đổi khi trả góp 0% qua thẻ tín dụng kỳ hạn 3-6 tháng,6.1 inches,8 GB,256 GB,2,5/5," Thiết kế khung viền từ titan mới - Vật liệu cực nhẹ, bền cùng viền cạnh mỏng cho cảm giác cầm nắm thoải mái |  Luôn mạnh mẽ ở bất kì tác vụ nào với Chip A17 Pro cho đồ họa có độ phân giải cao nhưng tiêu thụ điện năng ít hơn |  Dynamic Island hiển thị linh động các cảnh báo giúp bạn không bỏ lỡ thông tin nào |  Bắt trọn khoảng khắc bạn yêu - Cụm 3 camera sau đến 48MP chụp đêm và chân dung hoàn hảo |  Nút tác vụ mới giúp nhanh chóng kích hoạt tính năng yêu thích của bạn"
OPPO Reno12 5G (12GB 256GB),12.990.000đ,N/A,N/A,"Tặng loa bluetooth đa năng Olike S5 (hết quà hoàn tiền 300,000đ)",6.7 inches,12 GB,256 GB,null,null,"Màn hình rộng với độ phân giải Full HD+ cho hình ảnh sắc nét, màu sắc rực rỡ và độ tương phản cao, mang đến trải nghiệm xem phim, chơi game và đọc sách tuyệt vời. | Thiết kế OPPO Reno 12 5G mỏng nhẹ dễ dàng mang theo bên mình, đồng thời vẫn đảm bảo độ bền bỉ và chắc chắn. | Hỗ trợ sạc nhanh trên OPPO Reno12 5G lên đến 80W - Sạc nhanh chóng và hiệu quả, giúp bạn tiết kiệm thời gian. | Hệ điều hành mới nhất mang đến nhiều tính năng mới và cải tiến."
Nokia 220 4G,990.000đ,N/A,N/A,,2.8 inches,128 MB,N/A,5,5/5,"Trải nghiệm internet tốc độ cao với kết nối 4G, cho phép bạn lướt web, xem video và tải xuống nhanh chóng. | Pin 1450mAh cho thời gian sử dụng lâu dài, lên đến 27 ngày ở chế độ chờ và 6.2 giờ đàm thoại liên tục. | Hỗ trợ 2 SIM 2 sóng, giúp bạn quản lý cuộc gọi và tin nhắn hiệu quả. | Vỏ ngoài bằng polycarbonate bền bỉ, chống va đập và trầy xước."
Xiaomi 14 Ultra 5G (16GB 512GB),29.990.000đ,32.990.000đ,Giảm 9%,Không phí chuyển đổi khi trả góp 0% qua thẻ tín dụng kỳ hạn 3-6 tháng,6.73 inches,16 GB,512 GB,1,5/5,"Trải nghiệm chụp hình như máy ảnh nhờ 4 camera cao cấp | Mãn nhãn với thiết kế thanh lịch cùng các gam màu bắt mắt | Ghi điểm mạnh mẽ với màn hình AMOLED đẹp mắt, thẩm mỹ | Chip Snapdragon 8 Gen 3 hoạt động mạnh mẽ, pin 5000mAh"
iPhone 14 Pro Max 256GB | Chính hãng VN/A,27.990.000đ,32.990.000đ,Giảm 15%,Không phí chuyển đổi khi trả góp 0% qua thẻ tín dụng kỳ hạn 3-6 tháng,6.7 inches,6 GB,256 GB,17,5/5," Màn hình Dynamic Island - Sự biến mất của màn hình tai thỏ thay thế bằng thiết kế viên thuốc, OLED 6,7 inch, hỗ trợ always-on display |  Cấu hình iPhone 14 Pro Max mạnh mẽ, hiệu năng cực khủng từ chipset A16 Bionic |  Làm chủ công nghệ nhiếp ảnh - Camera sau 48MP, cảm biến TOF sống động |  Pin liền lithium-ion kết hợp cùng công nghệ sạc nhanh cải tiến"
ZTE Blade V50 Design 8GB 128GB,2.890.000đ,2.990.000đ,Giảm 3%,Quyền lợi bảo hành Vip 12 tháng 1 đổi 1 tại CellphoneS,6.6 inches,8GB + Mở rộng 10GB,128 GB,10,5/5,"Hiệu năng vượt trội với chip Unisoc T606 - Giúp bạn xử lý các tác vụ mượt mà không cần phải lo lắng có bị giật, lag. | Cụm camera được cải tiến giúp quay video và chụp ra những bức ảnh hài hòa, sống động hơn. | Dung lượng ấn tượng lên đến 5000 mAh cùng sạc nhanh 22.5W - Thoải mái sử dụng trong nhiều giờ đồng hồ. | Hỗ trợ cổng sạc Type C giúp sạc đầy thiết bị một cách nhanh chóng, tiết kiệm thời gian, truyền tải dữ liệu đón đầu xu hướng tương lai."
iPhone 15 Pro Max 512GB | Chính hãng VN/A,35.890.000đ,40.990.000đ,Giảm 12%,Không phí chuyển đổi khi trả góp 0% qua thẻ tín dụng kỳ hạn 3-6 tháng,6.7 inches,8 GB,512 GB,6,5/5," Thiết kế khung viền từ titan chuẩn hàng không vũ trụ - Cực nhẹ, bền cùng viền cạnh mỏng cầm nắm thoải mái |  Hiệu năng Pro chiến game thả ga - Chip A17 Pro mang lại hiệu năng đồ họa vô cùng sống động và chân thực |  Thoả sức sáng tạo và quay phim chuyên nghiệp - Cụm 3 camera sau đến 48MP và nhiều chế độ tiên tiến |  Nút tác vụ mới giúp nhanh chóng kích hoạt tính năng yêu thích của bạn"
Samsung Galaxy A05 4GB 128GB,2.790.000đ,3.090.000đ,Giảm 10%,Không phí chuyển đổi khi trả góp 0% qua thẻ tín dụng kỳ hạn 3-6 tháng,6.7 inches,4 GB,128 GB,7,5/5," Thoả sức chìm đắm trong không gian giải trí sống động - Màn hình lớn 6.7"" IPS hiển thị sắc nét |  Vận hành tác vụ mượt mà như mong đợi - Trải nghiệm chơi game tương đối tốt với chip Mediatek G85 và RAM 4GB |  Sử dụng thoải mái cả ngày dài - Pin lớn 5000mAh và hỗ trợ sạc nhanh 25W |  Ghi lại trọn vẹn mọi khoảnh khắc - Camera sau đến 50MP đi kèm nhiều chế độ chụp và tính năng cải tiến"
Samsung Galaxy Z Flip5 256GB,15.290.000đ,25.990.000đ,Giảm 41%,Không phí chuyển đổi khi trả góp 0% qua thẻ tín dụng kỳ hạn 3-6 tháng,6.7 inches,8 GB,256 GB,null,null," Galaxy AI tiện ích - Khoanh vùng search đa năng, là trợ lý chỉnh ảnh, trợ lý chat thông minh, phiên dịch trực tiếp |  Thần thái nổi bật, cân mọi phong cách- Lấy cảm hứng từ thiên nhiên với màu sắc thời thượng, xu hướng |  Thiết kế thu hút ánh nhìn - Gập không kẽ hỡ, dẫn đầu công nghệ bản lề Flex |  Tuyệt tác selfie thoả sức sáng tạo - Camera sau hỗ trợ AI xử lí cực sắc nét ngay cả trên màn hình ngoài |  Bền bỉ bất chấp mọi tình huống - Đạt chuẩn kháng bụi và nước IPX8 cùng chất liệu nhôm Armor Aluminum giúp hạn chế cong và xước"
iPhone 14 Plus 128GB | Chính hãng VN/A,19.790.000đ,22.990.000đ,Giảm 14%,Không phí chuyển đổi khi trả góp 0% qua thẻ tín dụng kỳ hạn 3-6 tháng,6.7 inches,6 GB,128 GB,6,5/5," Trải nghiệm thị giác ấn tượng - Màn hình lớn 6.7"" sắc nét với công nghệ Super Retina XDR |  Sử dụng lâu dài với viên pin lớn giúp phát video liên tục lên tới 26 giờ |  Tuyệt đỉnh thiết kế, tỉ mỉ từng đường nét - Nâng cấp toàn diện với kiểu dáng mới, nhiều lựa chọn màu sắc trẻ trung |  Hiệu năng hàng đầu thế giới - Apple A15 Bionic 6 nhân xử lí nhanh, ổn định"
Samsung Galaxy A05S 4GB 128GB,3.590.000đ,3.990.000đ,Giảm 10%,Không phí chuyển đổi khi trả góp 0% qua thẻ tín dụng kỳ hạn 3-6 tháng,6.7 inches,4 GB,128 GB,5,5/5," Hiển thị sống động từng thước phim - Màn hình lớn 6.7"" IPS hiển thị sắc nét |  Vận hành tác vụ mượt mà như mong đợi - Xử lí tốt hơn với chip Snapdragon 680 và RAM 4GB |  Sử dụng thoải mái cả ngày dài - Pin lớn 5000mAh và hỗ trợ sạc nhanh 25W |  Ghi lại trọn vẹn mọi khoảnh khắc - Camera sau đến 50MP đi kèm nhiều chế độ chụp và tính năng cải tiến"
Nubia Neo 8GB 256GB ,4.290.000đ,4.990.000đ,Giảm 14%,"Trả góp 0% lãi suất, không trả trước, không phụ phí qua Shinhan Finance",6.6 inches,8 GB,256 GB,34,5/5," Tầm nhìn thoải mái, chiến game không lo ngại - Màn hình 6.6 inch cùng tần số quét 120Hz |  Đa nhiệm mạnh mẽ, thoải mái sử dụng nhiều tác vụ cùng lúc với RAM mở rộng đến 18GB |  Hệ thống làm mát chuyên nghiệp với diện tích tản nhiệt 15416mm² |  Năng lượng cho cả ngày - Pin 4500mAh và sạc nhanh 22.5W"
Xiaomi Redmi 13C 6GB 128GB,2.990.000đ,3.490.000đ,Giảm 14%,Không phí chuyển đổi khi trả góp 0% qua thẻ tín dụng kỳ hạn 3-6 tháng,6.74 inches,6 GB,128 GB,5,5/5,Chipset Helio G85 cho hiệu năng ổn định - Hoạt động mượt mà cho các tác vụ cơ bản hàng ngày. | Hệ thống camera kép mạnh mẽ - Cải thiện độ chi tiết và độ sắc nét cho từng bức ảnh. | Dung lượng pin khổng lồ lên đến 5000 mAh - Giúp bạn thoải mái trải nghiệm nhiều giờ sử dụng liên tục. | Màn hình lớn kích thước 6.74 inch - Mang lại trải nghiệm xem ấn tượng.
iPhone 15 256GB | Chính hãng VN/A,22.890.000đ,25.990.000đ,Giảm 12%,Không phí chuyển đổi khi trả góp 0% qua thẻ tín dụng kỳ hạn 3-6 tháng,6.1 inches,6 GB,256 GB,1,5/5," Thiết kế thời thượng và bền bỉ - Mặt lưng kính được pha màu xu hướng cùng khung viền nhôm bền bỉ |  Dynamic Island hiển thị linh động mọi thông báo ngay lập tức giúp bạn nắm bắt mọi thông tin |  Chụp ảnh đẹp nức lòng - Camera chính 48MP, Độ phân giải lên đến 4x và Tele 2x chụp chân dung hoàn hảo |  Pin dùng cả ngày không lắng lo - Thời gian xem video lên đến 20 giờ và sạc nhanh qua cổng USB-C tiện lợi |  Cải tiến hiệu năng vượt bậc - A16 Bionic mạnh mẽ giúp bạn cân mọi tác vụ dù có yêu cầu đồ hoạ cao"
Samsung Galaxy Z Flip5 512GB,19.790.000đ,29.990.000đ,Giảm 34%,Không phí chuyển đổi khi trả góp 0% qua thẻ tín dụng kỳ hạn 3-6 tháng,6.7 inches,8 GB,512 GB,2,5/5," Galaxy AI tiện ích - Khoanh vùng search đa năng, là trợ lý chỉnh ảnh, trợ lý chat thông minh, phiên dịch trực tiếp |  Thần thái nổi bật, cân mọi phong cách- Lấy cảm hứng từ thiên nhiên với màu sắc thời thượng, xu hướng |  Thiết kế thu hút ánh nhìn - Gập không kẽ hỡ, dẫn đầu công nghệ bản lề Flex |  Tuyệt tác selfie thoả sức sáng tạo - Camera sau hỗ trợ AI xử lí cực sắc nét ngay cả trên màn hình ngoài |  Bền bỉ bất chấp mọi tình huống - Đạt chuẩn kháng bụi và nước IPX8 cùng chất liệu nhôm Armor Aluminum giúp hạn chế cong và xước"
iPhone 15 Plus 256GB | Chính hãng VN/A,25.690.000đ,28.990.000đ,Giảm 11%,Không phí chuyển đổi khi trả góp 0% qua thẻ tín dụng kỳ hạn 3-6 tháng,6.7 inches,6 GB,256 GB,null,null, Thiết kế dẫn đầu xu hướng - Nhiều màu sắc trendy cùng chất liệu kính pha màu và khung nhôm vô cùng bền bỉ |  Nắm bắt và tương tác mọi thông tin dễ dàng hơn với Dynamic Island mở rộng |  Chụp ảnh chân dung xuất sắc mọi khoảnh khắc - Camera chính 48MP với tele 2X và chế độ chỉnh sửa đa dạng |  Hiệu năng cân mọi tác vụ - A16 Bionic mạnh mẽ cho mọi thao tác mượt mà và nhanh chóng
Điện thoại Nubia V60 Design 6GB 256GB,3.090.000đ,3.290.000đ,Giảm 6%,"Trả góp 0% lãi suất, không trả trước, không phụ phí qua Shinhan Finance",6.6 inches,6 GB,256 GB,null,null,"Tần số quét 90Hz mang đến trải nghiệm hình ảnh mượt mà và sống động, với tốc độ làm mới cao và màu sắc rực rỡ. | Chip Unisoc T606mang đến hiệu năng mạnh mẽ, cho phép bạn xử lý các tác vụ hàng ngày một cách mượt mà và chơi game một cách hiệu quả. | Bộ nhớ trong 256GB cung cấp đủ không gian lưu trữ cho ảnh, video, nhạc và các ứng dụng của bạn. | Camera sau 50MP + 2MP cho phép bạn chụp ảnh chất lượng cao, với độ chi tiết cao và màu sắc rực rỡ. "
iPhone 12 64GB | Chính hãng VN/A ,10.990.000đ,15.990.000đ,Giảm 31%,Không phí chuyển đổi khi trả góp 0% qua thẻ tín dụng kỳ hạn 3-6 tháng,6.1 inches,4 GB,64 GB,73,5/5," Mạnh mẽ, siêu nhanh với chip A14, RAM 4GB, mạng 5G tốc độ cao |  Rực rỡ, sắc nét, độ sáng cao - Màn hình OLED cao cấp, Super Retina XDR hỗ trợ HDR10, Dolby Vision |  Chụp đêm ấn tượng - Night Mode cho 2 camera, thuật toán Deep Fusion, Smart HDR 3 |  Bền bỉ vượt trội - Kháng nước, kháng bụi IP68, mặt lưng Ceramic Shield"
Samsung Galaxy M34 5G 8GB 128GB,5.890.000đ,7.990.000đ,Giảm 26%,Không phí chuyển đổi khi trả góp 0% qua thẻ tín dụng kỳ hạn 3-6 tháng,6.5 inches,8 GB,128 GB,8,5/5,"Nâng cao hiệu suất của bạn với bộ xử lý cực nhanh Exynos 1280 - 5nm.  | Công nghệ Voice Focus - Cuộc gọi video và âm thanh của bạn luôn được rõ ràng hơn. | Pin cực khỏe 6000mAh cho bạn thoải mái sử dụng cả ngày dài. | Thiết kế sang trọng, sở hữu những gam màu thời thượng khơi dậy những ngày mới của bạn."
iPhone 11 128GB | Chính hãng VN/A ,10.190.000đ,13.990.000đ,Giảm 27%,Không phí chuyển đổi khi trả góp 0% qua thẻ tín dụng kỳ hạn 3-6 tháng,6.1 inches,4 GB,128 GB,58,5/5," Màu sắc phù hợp cá tính - 6 màu sắc bắt mắt để lựa chọn |  Hiệu năng mượt mà, ổn định - Chip A13, RAM 4GB |  Bắt trọn khung hình - Camera kép hỗ trợ góc rộng, chế độ Night Mode |  Yên tâm sử dụng - Kháng nước, kháng bụi IP68, kính cường lực Gorilla Glass"
iPhone 13 256GB | Chính hãng VN/A,17.490.000đ,20.290.000đ,Giảm 14%,Không phí chuyển đổi khi trả góp 0% qua thẻ tín dụng kỳ hạn 3-6 tháng,6.1 inches,4 GB,256 GB,1,5/5," Hiệu năng vượt trội - Chip Apple A15 Bionic mạnh mẽ, hỗ trợ mạng 5G tốc độ cao |  Không gian hiển thị sống động - Màn hình 6.1"" Super Retina XDR độ sáng cao, sắc nét |  Trải nghiệm điện ảnh đỉnh cao - Camera kép 12MP, hỗ trợ ổn định hình ảnh quang học |  Tối ưu điện năng - Sạc nhanh 20 W, đầy 50% pin trong khoảng 30 phút"
Xiaomi POCO M5 (6GB 128GB),2.990.000đ,4.690.000đ,Giảm 36%,Không phí chuyển đổi khi trả góp 0% qua thẻ tín dụng kỳ hạn 3-6 tháng,6.58 inches,6 GB,128 GB,11,5/5," Hiệu năng bượt trội - Bộ vi xử lý Helio G99 đầy mạnh mẽ, RAM 6GB giúp máy ổn định chiến game |  Sắc nét đến từng chi tiết - Màn hình 6.58 inch Full HD+ hỗ trợ 90 Hz mượt mà |  Kiến tạo những thước phim sống động - Bộ ba camera AI độ phân giải lên đến 50 MP |  Năng lượng vượt trội, chiến game cả ngày - Dung lượng 5000 mAh cùng khả năng sạc nhanh 18 W"
Samsung Galaxy A35 5G 8GB 128GB,7.650.000đ,8.290.000đ,Giảm 8%,Không phí chuyển đổi khi trả góp 0% qua thẻ tín dụng kỳ hạn 3-6 tháng,6.6 inches,8 GB,128 GB,7,5/5,"Chip Exynos 1380 - Sử dụng mượt mà, linh hoạt với các tác vụ nặng nề mà không gặp trở ngại. | Tần số quét 120Hz - Mỗi hành động trên màn hình đều trở nên mượt mà đáng kinh ngạc. | Với camera góc rộng 8MP mang đến khả năng thu trọn mọi khung cảnh vào khung hình. | Pin 5000 mAh kết hợp cùng sạc nhanh 25W - Sử dụng thoải mái trong mọi hoạt động hằng ngày."
Xiaomi 14 (12GB 256GB),19.990.000đ,22.990.000đ,Giảm 13%,Không phí chuyển đổi khi trả góp 0% qua thẻ tín dụng kỳ hạn 3-6 tháng,6.36 inches,12 GB,256 GB,16,5/5," Mạnh mẽ cân mọi tác vụ, đa nhiệm cực đỉnh - Chip Snapdragon 8 Gen 3 (4nm) mượt mà đi kèm RAM 12GB |  Trải nghiệm hình ảnh sống động - Màn hình 6.36” vừa vặn, công nghệ LTPO OLED, tần số quét 120Hz |  Tuyệt tác camera, chụp ảnh sắc nét - Bộ 3 camera 50MP ống kính Leica cùng chống rung OIS |  Năng lượng tràn đầy, thoả sức sức tạo - Dung lượng pin lớn 4610mAh, sạc nhanh 90W"
Điện thoại Nokia 8210 4G 128MB,1.570.000đ,1.590.000đ,Giảm 1%,,2.8 inches,128 MB,N/A,null,null," Nhỏ gọn, tinh tế đến từng chi tiết - Mặt lưng và khung máy được hoàn thiện từ nhựa Polycarbonate, có các màu sắc trẻ trung |  Màn hình hiển thị to rõ - Với kích thước 2.8"" cùng độ phân giải QVGA (240 x 320 pixels) đem lại chất lượng hiển thị rõ nét |  Kết nối cả ngày dài - Viên pin 1450 mAh, hỗ trợ 2 sim 2 sóng |  Lưu trữ lớn hơn - Hỗ trợ mở rộng bộ nhớ lên đến 32 GB"
Samsung Galaxy A25 5G 6GB 128GB,5.790.000đ,6.590.000đ,Giảm 12%,Không phí chuyển đổi khi trả góp 0% qua thẻ tín dụng kỳ hạn 3-6 tháng,6.5 inches,6 GB,128 GB,4,5/5," Rực rỡ mọi góc nhìn - Màn hình Super AMOLED với tần số quét 120Hz cho hình ảnh vượt trội |  Trở thanh nhiếp ảnh gia chuyên nghiệp - Camera 50MP, chống rung IOS ổn định mọi địa hình |  Pin tràn đầy, sạc trong tích tắc - Pin lớn 5000mAh cùng sạc nhanh 25W |  Xử lí tác vụ nhanh và ổn định - Chip Exynos 1280 8 nhân cùng RAM 6GB"
iPhone 12 128GB | Chính hãng VN/A ,13.190.000đ,17.990.000đ,Giảm 27%,Không phí chuyển đổi khi trả góp 0% qua thẻ tín dụng kỳ hạn 3-6 tháng,6.1 inches,4 GB,128 GB,28,5/5," Mạnh mẽ, siêu nhanh với chip A14, RAM 4GB, mạng 5G tốc độ cao |  Rực rỡ, sắc nét, độ sáng cao - Màn hình OLED cao cấp, Super Retina XDR hỗ trợ HDR10, Dolby Vision |  Chụp đêm ấn tượng - Night Mode cho 2 camera, thuật toán Deep Fusion, Smart HDR 3 |  Bền bỉ vượt trội - Kháng nước, kháng bụi IP68, mặt lưng Ceramic Shield"
Infinix Hot 40i 4GB 128GB,2.200.000đ,2.390.000đ,Giảm 8%,,6.56 inches,4 GB,128 GB,17,5/5,"Chipset Unisoc T606 - Hiệu suất xử lý ấn tượng, đa nhiệm mượt mà với thông số bộ nhớ ổn định. | RAM 4GB và bộ nhớ trong 128GB, đáp ứng các nhu cầu lưu trữ và xử lý linh hoạt của người dùng. | Quay chụp ổn định với hệ thống cam độ phân giải cao với camera chính 50MP và camera AI. | Với viên pin 5,000 mAh - Thoải mái sử dụng suốt cả ngày chỉ với 1 lần nạp pin."
Nokia 3210 4G ,1.590.000đ,N/A,N/A,,2.4 inches,128 MB,N/A,1,5/5,"Trải nghiệm internet tốc độ cao với kết nối 4G, cho phép bạn lướt web, xem video và tải xuống nhanh chóng. | Thiết kế cổ điển với bàn phím vật lý quen thuộc, mang đến cảm giác hoài niệm và dễ sử dụng. | Camera VGA: Cho phép bạn chụp ảnh và quay video đơn giản. | Màn hình màu 2.4 inch: Hiển thị rõ ràng, dễ đọc. | Vỏ ngoài bằng polycarbonate bền bỉ, chống va đập và trầy xước."
Samsung Galaxy S24 Ultra 12GB 512GB,31.490.000đ,37.490.000đ,Giảm 16%,Không phí chuyển đổi khi trả góp 0% qua thẻ tín dụng kỳ hạn 3-6 tháng,6.8 inches,12 GB,512 GB,2,5/5," Mở khoá giới hạn tiềm năng với AI - Hỗ trợ phiên dịch cuộc gọi, khoanh vùng tìm kiếm, Trợ lí Note và chình sửa anh |  Tuyệt tác thiết kế bền bỉ và hoàn hảo - Vỏ ngoài bằng titan mới cùng màu sắc lấy cảm hứng từ chất liệu đá tự nhiên |  Tích hợp S-Pen cực nhạy - Thoải mát viết, chạm thật chính xác trên màn hình cùng nhiều tính năng tiện ích |  Nắm trong tay trọn bộ chi tiết chân thực nhất - Camera 200MP hỗ trợ khả năng xử lý AI cải thiện độ nét và tông màu"
Samsung Galaxy S24 Ultra 12GB 1TB,33.490.000đ,44.490.000đ,Giảm 25%,Không phí chuyển đổi khi trả góp 0% qua thẻ tín dụng kỳ hạn 3-6 tháng,6.8 inches,12 GB,1 TB,3,5/5," Mở khoá giới hạn tiềm năng với AI - Hỗ trợ phiên dịch cuộc gọi, khoanh vùng tìm kiếm, Trợ lí Note và chình sửa anh |  Tuyệt tác thiết kế bền bỉ và hoàn hảo - Vỏ ngoài bằng titan mới cùng màu sắc lấy cảm hứng từ chất liệu đá tự nhiên |  Tích hợp S-Pen cực nhạy - Thoải mát viết, chạm thật chính xác trên màn hình cùng nhiều tính năng tiện ích |  Nắm trong tay trọn bộ chi tiết chân thực nhất - Camera 200MP hỗ trợ khả năng xử lý AI cải thiện độ nét và tông màu"
realme C67 (8GB 128GB),4.290.000đ,5.290.000đ,Giảm 19%,"Trả góp 0% lãi suất, không trả trước, không phụ phí qua Shinhan Finance",6.72 inches,8 GB,128 GB,3,5/5,"Tích hợp mở khóa vân tay cạnh viền, giúp người dùng trải nghiệm sự thuận tiện và an toàn. | Màn hình Full HD+ - Mang đến một trải nghiệm xem ảnh và video với chi tiết tuyệt vời. | Tần số quét 90 Hz mang lại trải nghiệm mượt mà, hạn chế hiện tượng giật lag. | Trang bị pin 5000mAh đi cùng sạc nhanh 33 W giúp bạn thoải mái sử dụng điện thoại suốt ngày dài."
realme C53 (8GB 256GB),3.850.000đ,4.790.000đ,Giảm 20%,"Trả góp 0% lãi suất, không trả trước, không phụ phí qua Shinhan Finance",6.74 inches,8GB + Mở rộng 8GB,256 GB,4,5/5,"Màn hình IPS LCD giúp chất lượng hiển thị tốt hơn và có khả năng tái tạo 16.7 triệu màu. | Hệ thống chụp hình được tối ưu sâu với camera AI 50MP với nhiều chế độ chụp hình phong phú. | Chip Tiger T612 với 2 lõi Cortex-A75 1,8GHz và 6 lõi Cortex A55 1.8GHz đảm bảo một hiệu năng ổn định và mang tới trải nghiệm giải trí trọn vẹn."
Samsung Galaxy S24 8GB 256GB,17.990.000đ,22.990.000đ,Giảm 22%,Không phí chuyển đổi khi trả góp 0% qua thẻ tín dụng kỳ hạn 3-6 tháng,6.2 inches,8 GB,256 GB,3,5/5," Khai phá tiềm năng sáng tạo không giới hạn với tính năng AI - Phiên dịch cuộc gọi, trợ lí chỉnh ảnh |  Sắc nét từng chi tiết - Camera 50MP với với công nghệ ProVisual, chụp đêm và siêu thu phóng |  Pin tối ưu thông minh cho cả ngày tràn đầy năng lượng - Viên pin 4000mAh cho phép bạn xem video liên tục đến 29 giờ |  Nâng cấp màn hình trải nghiệm tuyệt đỉnh - Màn hình 6.2"" inch Dynamic AMOLED 2X cùng tần số quét 120Hz"
iPhone 15 Pro Max 1TB | Chính hãng VN/A,42.690.000đ,46.990.000đ,Giảm 9%,Không phí chuyển đổi khi trả góp 0% qua thẻ tín dụng kỳ hạn 3-6 tháng,6.7 inches,8 GB,1 TB,2,5/5," Thiết kế khung viền từ titan chuẩn hàng không vũ trụ - Cực nhẹ, bền cùng viền cạnh mỏng cầm nắm thoải mái |  Hiệu năng Pro chiến game thả ga - Chip A17 Pro mang lại hiệu năng đồ họa vô cùng sống động và chân thực |  Thoả sức sáng tạo và quay phim chuyên nghiệp - Cụm 3 camera sau đến 48MP và nhiều chế độ tiên tiến |  Nút tác vụ mới giúp nhanh chóng kích hoạt tính năng yêu thích của bạn"
OPPO Reno11 F 5G (8GB 256GB),7.990.000đ,8.990.000đ,Giảm 11%,"Trả góp 0% lãi suất, không trả trước, không phụ phí qua Shinhan Finance",6.7 inches,8 GB,256 GB,5,5/5," Thoải mái sáng tạo nhiếp ảnh - Với cụm 3 camera lên đến 64MP đi kèm nhiều tính năng chỉnh sửa thú vị |  Rực rỡ mọi góc nhìn - Màn hình AMOLED 120Hz, cùng khả năng hiển thị trên 1 tỉ màu |  Giải trí mượt mà, đa dạng tác vụ - Chip xử lí mạnh mẽ Dimensity 7050 5G cùng RAM 8GB |  Năng lượng bền bỉ cả ngày dài - Pin lớn 5.000mAh cùng chế độ sạc nhanh 67W"
Samsung Galaxy S22 Ultra (12GB - 256GB) đã kích hoạt online - Chỉ có tại CellphoneS,18.990.000đ,33.990.000đ,Giảm 44%,Không phí chuyển đổi khi trả góp 0% qua thẻ tín dụng kỳ hạn 3-6 tháng,6.8 inches,12 GB,256 GB,18,5/5," Vi xử lý mạnh mẽ nhất Galaxy - Snapdragon 8 Gen 1 (4 nm) |  Camera mắt thần bóng đêm Nightography - Chụp đêm cực đỉnh |  S Pen đầu tiên trên Galaxy S - Độ trễ thấp, dễ thao tác |  Dung lượng pin bất chấp ngày đêm - Viên pin 5000mAh, sạc nhanh 45W"
realme C51 6GB 256GB,3.590.000đ,4.490.000đ,Giảm 20%,"Trả góp 0% lãi suất, không trả trước, không phụ phí qua Shinhan Finance",6.74 inches,6 GB,256 GB,null,null,"Hiệu năng mạnh mẽ, khả năng xử lý nhanh chóng nhờ vi xử lý Tiger Unisoc T612. | Thiết kế năng động, cá tính không kém phần thời thượng | Màn hình FullHD với kích thước 6.74 inch - Cho trải nghiệm hình ảnh sắc nét và chi tiết. | Năng lượng bất chấp ngày dài - Pin 5000mAh cùng sạc nhanh SUPERVOOC 33W."
Điện thoại Sony Xperia 1VI 12GB 256GB,31.090.000đ,32.990.000đ,Giảm 6%,Tặng Sạc dự phòng Baseus 10.000mAh và khác,6.5 inches,12 GB,256 GB,null,null,"Màn hình OLED, kích thước màn hình 6.5 inches cho trải nghiệm xem phim và chơi game đắm chìm hơn. | Bộ xử lý Snapdragon 8 Gen 3 Mobile Platform cho hiệu năng mạnh mẽ, xử lý mượt mà mọi tác vụ, kể cả những game nặng nhất. | Pin dung lượng lớn 5000mAh cho thời gian sử dụng lâu dài, đáp ứng nhu cầu sử dụng cả ngày dài của bạn. | Chịu nước IPX5/X8, chống bụi IP6X cho bạn yên tâm sử dụng trong mọi điều kiện thời tiết."
Samsung Galaxy A54 8GB 256GB,7.890.000đ,11.490.000đ,Giảm 31%,Không phí chuyển đổi khi trả góp 0% qua thẻ tín dụng kỳ hạn 3-6 tháng,6.4 inches,8 GB,256 GB,5,5/5,Màn hình 6.4 inch Full HD+ mang đến không gian trải nghiệm rộng rãi và sắc nét | Dung lượng pin 5.000 mAh cho thời lượng sử dụng lên đến cả ngày dài liên tục | Đa nhiệm mượt mà với vi xử lý Exynos 1380 kết hợp RAM 8GB và ROM 256GB | Bắt trọn từng khoảnh khắc với hệ thống 3 camera có độ phân giải lên đến 50 MP
Itel S23 8GB 128GB,2.290.000đ,3.490.000đ,Giảm 34%,Quyền lợi bảo hành Vip 12 tháng 1 đổi 1 tại CellphoneS,6.6 inches,8 GB,128 GB,4,5/5,"Tốc độ làm mới màn hình 90Hz cho phép bạn trải nghiệm hình ảnh sắc nét, chân thật | Camera 50MP giúp bạn có được những bức ảnh chi tiết, đầy màu sắc | RAM 8GB cùng ổ cứng 128GB cho phép bạn thoải mái lưu trữ dữ liệu, hình ảnh | Dung lượng pin trâu 5000 mAh cho phép bạn thoải mái chơi game, xem phim"
ZTE Blade A52 3GB 64GB,1.790.000đ,2.290.000đ,Giảm 22%,Quyền lợi bảo hành Vip 12 tháng 1 đổi 1 tại CellphoneS,6.52 inches,3 GB,64 GB,7,5/5,"Màn hình thiết kế giọt nước cùng tấm nền IPS LCD - Mang lại tầm nhìn rộng hơn, rõ ràng hơn. | Tốc độ khung hình 30fps - Mang đến chất lượng hình ảnh mượt mà, không lo tình trạng bị mỏi mắt khi sử dụng.  | Camera kép bắt trọn mọi khoảnh khắc - Chụp ảnh, gọi điện video với bạn bè, người thân đơn giản và tiện lợi.  | Thiết kế tinh tế với màu sắc thời thượng, phù hợp với mọi đối tượng sử dụng."
Samsung Galaxy M14 5G 4GB 128GB,4.690.000đ,5.290.000đ,Giảm 11%,Không phí chuyển đổi khi trả góp 0% qua thẻ tín dụng kỳ hạn 3-6 tháng,6.6 inches,4 GB,128 GB,6,5/5,Kiểu dáng hiện đại cùng nhiều lựa chọn về màu sắc giúp phù hợp với nhiều người | Không gian hiển thị rộng lớn với màn hình 6.6 inch cùng tấm nền LCD thế hệ mới | Chip Exynos 1330 độc quyền cùng RAM 4 GB và kết nối 5G giúp xử lý nhanh và ổn định các tác vụ thông dụng | Vô tư trải nghiệm cả ngày dài với viên pin dung lượng siêu khủng đến 6000 mAh
Infinix Hot 40 Pro Free Fire 8GB 256GB,3.950.000đ,4.290.000đ,Giảm 8%,"Trả góp 0% lãi suất, không trả trước, không phụ phí qua Shinhan Finance",6.78 inches,8 GB,256 GB,15,5/5,Chipset MediaTek Helio G99 mạnh mẽ mang lại hiệu suất ổn định và linh hoạt.  | Camera chính 108 MP và camera trước 32MP - Tạo nên khả năng chụp ảnh sắc nét và chi tiết. | Dung lượng pin 5.000 mAh cùng sạc nhanh 33W - Mang đến trải nghiệm sử dụng lâu dài cho người dùng. | Màn hình 6.78 inch - tần số quét 120Hz mang lại trải nghiệm mượt mà và mật độ điểm ảnh 396 ppi giúp hình ảnh rõ nét.
TECNO SPARK 20C 4GB 128GB,2.590.000đ,2.690.000đ,Giảm 4%,Không phí chuyển đổi khi trả góp 0% qua thẻ tín dụng kỳ hạn 3-6 tháng,6.6 inches,4GB + Mở rộng 4GB,128 GB,1,5/5,"Hiệu suất ổn định cho lại khả năng xử lý tốt trong tầm giá với chip Octa-Core. | Pin trâu 5000 mAh cùng sạc công suất 18W thoải mái sử dụng suốt ngày dài. | Màn hình LCD 6.6 inch cùng tấm nền LCD, tần số quét 90Hz đem lại những thước phim mượt mà. | Thiết kế sang trọng cùng góc cạnh bo cong hỗ trợ mang lại trải nghiệm cầm nắm thoải mái."
Điện thoại Sony Xperia 10VI 8GB 128GB,11.490.000đ,11.990.000đ,Giảm 4%,Tặng tai nghe Sony WH-CH720N trị giá 2.990.000đ,6.1 inches,8 GB,128 GB,null,null,"Màn hình OLED 6.1 inch với độ phân giải Full HD cho hình ảnh rực rỡ, màu sắc chính xác và độ tương phản cao. | Điện thoại Sony Xperia 10VI có bộ xử lý Snapdragon 6 Gen 1 Mobile Platform cho hiệu năng mạnh mẽ, xử lý mượt mà các tác vụ hàng ngày và chơi game. | Pin dung lượng lớn 5000mAh cho thời gian sử dụng lâu dài, đáp ứng nhu cầu sử dụng cả ngày dài của bạn. | Chống nước IPX5/IPX8, Chống bụi IP6X cho bạn yên tâm sử dụng trong mọi điều kiện thời tiết."
Samsung Galaxy S24 8GB 512GB,21.190.000đ,26.490.000đ,Giảm 20%,Không phí chuyển đổi khi trả góp 0% qua thẻ tín dụng kỳ hạn 3-6 tháng,6.2 inches,8 GB,512 GB,1,5/5," Khai phá tiềm năng sáng tạo không giới hạn với tính năng AI - Phiên dịch cuộc gọi, trợ lí chỉnh ảnh |  Sắc nét từng chi tiết - Camera 50MP với với công nghệ ProVisual, chụp đêm và siêu thu phóng |  Pin tối ưu thông minh cho cả ngày tràn đầy năng lượng - Viên pin 4000mAh cho phép bạn xem video liên tục đến 29 giờ |  Nâng cấp màn hình trải nghiệm tuyệt đỉnh - Màn hình 6.2"" inch Dynamic AMOLED 2X cùng tần số quét 120Hz"
OPPO A79 5G (8GB 256GB),7.190.000đ,7.490.000đ,Giảm 4%,"Trả góp 0% lãi suất, không trả trước, không phụ phí qua Shinhan Finance",6.72 inches,8 GB,256 GB,2,5/5,"Trải nghiệm hình ảnh mượt mà và sống động với màn hình 90Hz, cho bạn những thao tác vuốt chạm và chơi game mượt mà hơn. | Tận hưởng tốc độ internet siêu nhanh và ổn định với kết nối 5G, cho bạn tải xuống, xem video và chơi game online mượt mà hơn. | Lưu trữ thoải mái với bộ nhớ lớn 8GB RAM + 128GB ROM, cho bạn đa nhiệm mượt mà và lưu trữ nhiều ứng dụng, hình ảnh và video. | Sử dụng thoải mái cả ngày dài với pin 5000mAh và sạc nhanh 33W, cho bạn sạc đầy pin nhanh chóng để tiếp tục sử dụng."
realme Note 60,2.990.000đ,3.090.000đ,Giảm 3%,Quyền lợi bảo hành rơi vỡ rơi nước 12 tháng tại CellphoneS,6.74 inches,4 GB,64 GB,null,null,"Màn hình lớn 6,745 inches, tần số quét 90Hz cho phép bạn thưởng thức nội dung giải trí một cách thoải mái và sống động. | Chip xử lý UNISOC T612 cũng cho phép bạn chơi game di động một cách mượt mà và ổn định. | Viên pin dung lượng 5000mAh cũng hỗ trợ sạc nhanh 10W, cho phép bạn sạc đầy pin nhanh chóng. | Realme Note 60 được trang bị hệ thống camera sau 32MP, cho phép bạn chụp ảnh chất lượng cao trong nhiều điều kiện ánh sáng khác nhau."
iPhone 15 Pro 512GB | Chính hãng VN/A,32.990.000đ,37.990.000đ,Giảm 13%,Không phí chuyển đổi khi trả góp 0% qua thẻ tín dụng kỳ hạn 3-6 tháng,6.1 inches,8 GB,512 GB,null,null," Thiết kế khung viền từ titan mới - Vật liệu cực nhẹ, bền cùng viền cạnh mỏng cho cảm giác cầm nắm thoải mái |  Luôn mạnh mẽ ở bất kì tác vụ nào với Chip A17 Pro cho đồ họa có độ phân giải cao nhưng tiêu thụ điện năng ít hơn |  Dynamic Island hiển thị linh động các cảnh báo giúp bạn không bỏ lỡ thông tin nào |  Bắt trọn khoảng khắc bạn yêu - Cụm 3 camera sau đến 48MP chụp đêm và chân dung hoàn hảo |  Nút tác vụ mới giúp nhanh chóng kích hoạt tính năng yêu thích của bạn"
realme C61 (4GB 128GB),3.590.000đ,N/A,N/A,"Trả góp 0% lãi suất, không trả trước, không phụ phí qua Shinhan Finance",6.745 inches,4 GB,128 GB,null,null,"Màn hình IPS LCD 6.745 inch với độ làm tươi 90 Hz cho hình ảnh sắc nét, màu sắc rực rỡ và góc nhìn rộng. | Bộ xử lý Unisoc Tiger T612 cho hiệu năng ổn định, xử lý mượt mà các tác vụ hàng ngày và chơi game nhẹ nhàng. | Cài đặt sẵn hệ điều hành Android 14 mới nhất với giao diện hiện đại, nhiều tính năng hữu ích. | Kháng nước nhẹ IP54 cho bạn yên tâm sử dụng trong điều kiện thời tiết ẩm ướt."
Điện thoại Itel RS4 8GB 256GB NFC,3.990.000đ,4.990.000đ,Giảm 20%,"Trả góp 0% lãi suất, không trả trước, không phụ phí qua Shinhan Finance",6.56 inches,8 GB,256 GB,null,null,"Itel RS4 với RAM 8GB và bộ nhớ trong 256GB cho phép chạy nhiều ứng dụng cùng lúc mà không bị lag giật. | Màn hình lớn 6.56 inches cho phép bạn trải nghiệm hình ảnh thoải mái hơn, tần số quét 120Hz cho phép bạn cuộn trang và chơi game mượt mà hơn. | Camera chính 50MP cho phép bạn chụp ảnh sắc nét và chi tiết, các tính năng chụp ảnh thông minh giúp bạn chụp ảnh đẹp hơn trong mọi điều kiện ánh sáng. | Pin dung lượng lớn 5000 mAh cho phép bạn sử dụng điện thoại lâu hơn, công nghệ sạc nhanh cho phép bạn sạc pin nhanh chóng hơn."
Masstel Izi 15 4G,450.000đ,N/A,N/A,,1.77 inches,N/A,N/A,null,null,"Kiểu dáng nhỏ nhắn, thân thiện và cơ động, dễ mang theo và dễ thao tác bằng một tay. | Các chữ số và ký tự được làm với kích cỡ lớn, dễ nhìn, thân thiện với mọi đối tượng người dùng. | Đèn pin siêu sáng có nút kích hoạt nhanh nhanh thông qua phím giữa trên thân máy. | Hỗ trợ kết nối mạng 4G thế hệ mới. | Pin 1.000 mAh có thể kéo dài thời lượng trải nghiệm lên tới nhiều ngày không cần sạc."
OPPO A3 (8GB - 256GB),6.490.000đ,N/A,N/A,"Trả góp 0% lãi suất, không trả trước, không phụ phí qua Shinhan Finance",6.67 inches,8 GB,256 GB,null,null,"Màn hình LCD, 6.67 inch cho phép bạn xem nội dung với độ chi tiết cao và màu sắc rực rỡ. | Chip Snapdragon 6s 4G Gen1 mang đến hiệu năng mượt mà, xử lý các tác vụ hàng ngày một cách nhanh chóng. | Camera sau 50MP cho phép bạn chụp ảnh chất lượng cao, với độ chi tiết cao và màu sắc rực rỡ.  | Pin dung lượng lớn 5100mAh cho phép bạn sử dụng điện thoại cả ngày dài mà không cần lo lắng về việc hết pin."
ZTE Blade V50 Design 8GB 256GB,3.090.000đ,3.290.000đ,Giảm 6%,"Trả góp 0% lãi suất, không trả trước, không phụ phí qua Shinhan Finance",6.6 inches,8GB + Mở rộng 10GB,256 GB,13,5/5,"Hiệu năng vượt trội với chip Unisoc T606 - Giúp bạn xử lý các tác vụ mượt mà không cần phải lo lắng có bị giật, lag. | Cụm camera được cải tiến giúp quay video và chụp ra những bức ảnh hài hòa, sống động hơn. | Dung lượng ấn tượng lên đến 5000 mAh cùng sạc nhanh 22.5W - Thoải mái sử dụng trong nhiều giờ đồng hồ. | Hỗ trợ cổng sạc Type C giúp sạc đầy thiết bị một cách nhanh chóng, tiết kiệm thời gian, truyền tải dữ liệu đón đầu xu hướng tương lai."
Xiaomi Redmi A3 (4GB 128GB),2.990.000đ,N/A,N/A,Không phí chuyển đổi khi trả góp 0% qua thẻ tín dụng kỳ hạn 3-6 tháng,6.71 inches,4 GB,128 GB,null,null,Đắm chìm cùng Redmi A3 với những thước phim mượt mà với màn ảnh rộng 6.71 inch cùng tốc độ làm mới 90Hz. | Dung lượng pin 5000 mAh - Thoải mái sử dụng suốt ngày dài mà không lo hết pin. | Hiệu năng Xiaomi Redmi A3 mượt mà và hiệu quả với chip MediaTek Helio G36. | Hạn chế hao mòn với tính năng mở khóa an toàn bằng vân tay và khuôn mặt.
Masstel IZI 30,600.000đ,N/A,N/A,,2.4 inches,N/A,N/A,null,null,"Sở hữu thân máy nhỏ nhắn, bền bỉ và gọn gàng mang hơi hướng hiện đại, dễ sử dụng. | Hỗ trợ kết nối 4G chất lượng cao, đảm bảo duy trì kết nối cuộc gọi ổn định xuyên suốt. | Đèn pin chiếu sáng, bật/tắt siêu nhanh mang tới chế độ chiếu sáng tiện lợi thông qua đèn LED đặt ở cạnh trên thân máy. | Danh bạ lưu trữ 500 số, hỗ trợ 2 SIM 2 sóng. | Loa ngoài to rõ cho chất âm sống động."
OPPO A18 4GB 128GB,3.690.000đ,3.990.000đ,Giảm 8%,"Trả góp 0% lãi suất, không trả trước, không phụ phí qua Shinhan Finance",6.56 inches,4 GB,128 GB,2,5/5,"Hiệu năng vượt trội với chip Helio G85 - Giúp bạn xử lý các tác vụ mượt mà không cần phải lo lắng có bị giật, lag. | Độ phân giải HD+ sặc nét cùng tần số quét 90Hz, mang lại những hình ảnh sống động và mượt mà nhất. | Dung lượng pin 5000 mAh mạnh mẽ - Đảm bảo bạn sẽ luôn kết nối và sử dụng trong nhiều giờ liền. | Thiết kế thời trang và hiện đại với các cạnh viền được vát phẳng và bo tròn ở các góc."
OPPO Find N3 16GB 512GB,41.990.000đ,44.990.000đ,Giảm 7%,Tặng gói dịch vụ VIP Premium Service và khác,7.82 inches,16 GB,512 GB,1,5/5," Bậc thầy thiết kế, siêu mỏng nhe - Mỏng chỉ 239g, nhẹ chỉ 5.8mm với nếp gấp tàng hình |  Rực rõ mọi màn hình hiển thị - Kích thước lên đến 7.8mm, độ phân giải 2K+ cùng tần số quét 120Hz mượt mà |  Bậc thầy nhiếp ảnh - 3 camera hàng đầu đến 64MP kết hợp cùng đa dạng chế độ chụp hoàn hảo |  Nâng cao hiệu suất sử dụng - Chip MediaTek Dimensity 9200 5G mạnh mẽ cùng hàng loạt tính năng đa nhiệm thông tinh"
OPPO Reno10 5G 8GB 256GB,9.290.000đ,10.990.000đ,Giảm 15%,"Trả góp 0% lãi suất, không trả trước, không phụ phí qua Shinhan Finance",6.7 inches,8 GB,256 GB,3,5/5," Chuyên gia chân dung thế hệ thứ 10 - Camera chân dung 32MP siêu nét, chụp xa từ 2X-5X không lo biến dạng khung hình |  Thiết kế nổi bật, dẫn đầu xu hướng - Cạnh viền cong 3D, các phiên bản màu sắc phù hợp đa cá tính, thu hút mọi ánh nhìn |  Đa nhiệm mạnh mẽ hơn ai hết - RAM mở rộng 8GB, ROM 256GB mang đến trải nghiệm đa tác vụ thoải mái |  Pin bất tận, sạc siêu tốc - pin 5000mAh và sạc nhanh 67W cùng chế độ tiết kiệm pin siêu tiện ích"
OnePlus Nord CE 3 Lite - Chỉ có tại CellphoneS,5.690.000đ,6.190.000đ,Giảm 8%,"Trả góp 0% lãi suất, không trả trước, không phụ phí qua Shinhan Finance",6.72 inches,8 GB,256 GB,3,5/5,"Thiết kế thời thượng với bảng màu siêu cuốn hút, các cạnh viền được bo cong tinh tế | Màn hình kích thước 6.72 inches kết hợp tần số quét 120 Hz cho trải nghiệm cực đỉnh | Thoả sức sáng tạo trong nhiều khung ảnh với hệ thống camera có độ phân giải 108 MP | Viên pin 5.000 mAh, tích hợp sạc nhanh 67 W giúp cung cấp năng lượng cả ngày dài"
realme C60 4GB 64GB,2.790.000đ,N/A,N/A,,6.74 inches,4 GB,64 GB,null,null,"Camera siêu sắc nét với độ phân giải đỉnh cao - mang lại những bức ảnh chụp chuyên nghiệp, rõ nét và chi tiết nhất trên từng chủ thể hiển thị. | Màn hình LCD cho khả năng hiển thị hình ảnh hoàn hảo. | Dung lượng pin 5000 mAh - Thoải mái sử dụng suốt ngày dài mà không lo hết pin. | Cấu hình ổn định và khả năng xử lý tốc độ với chip Unisoc T612."
Infinix Hot 40i 8GB 256GB,3.000.000đ,3.190.000đ,Giảm 6%,"Trả góp 0% lãi suất, không trả trước, không phụ phí qua Shinhan Finance",6.56 inches,8 GB,256 GB,4,5/5,"Chip xử lý game mạnh mẽ Unisoc T606 - Đem lại trải nghiệm mọi ứng dụng một cách mượt mà và không bị gián đoạn. | Màn rộng 6,56 inch cùng tần số quét 90Hz cho phép hiển thị hình ảnh sắc nét đến từng chi tiết nhỏ trên màn hình. | Tạm biệt nỗi lo pin yếu với dung lượng pin lên đến 5000mAh cùng công nghệ sạc nhanh 18W. | Thiết kế nhẹ với mặt lưng tựa kính thời thượng và hiện đại, với kích thước lý tưởng để dễ dàng mang theo bên mình."
vivo Y36 8GB 128GB,4.990.000đ,5.190.000đ,Giảm 4%,"Trả góp 0% lãi suất, không trả trước, không phụ phí qua Shinhan Finance",6.64 inches,8 GB,128 GB,4,5/5,"Vẻ ngoài đơn giản tạo nên sức hút - Thiết kế thời thượng so với màn hình giọt nước trước đó. | Màn hình Full HD+ - Hình ảnh hiển thị sắc nét, giúp bạn chiêm ngưỡng những bộ phim, chơi game tốt hơn. | Snapdragon 680 cùng pin 5000 mAh - Đủ sức sử dụng các tác vụ như lướt web, xem phim hay chơi game cấu hình tầm trung. | Pin trâu cho thời gian dùng lâu - dung lười dùng sử dụng thoải mái cả một ngày dài."
Điện thoại ZTE Blade A54 4GB 128GB,2.190.000đ,2.290.000đ,Giảm 4%,Quyền lợi bảo hành Vip 12 tháng 1 đổi 1 tại CellphoneS,6.6 inches,4GB + Mở rộng 4GB,128 GB,1,5/5,"Trải nghiệm hình ảnh sống động và mượt mà với màn hình IPS LCD 6,6 inch, tần số quét 90Hz. | Camera kép 13MP sắc nét ghi lại những khoảnh khắc đáng nhớ, cho chất lượng hình ảnh tuyệt vời. | Chipset Unisoc SC9863A kết hợp với RAM 4GB mang đến hiệu suất mượt mà cho các tác vụ hàng ngày và chơi game nhẹ. | Sử dụng điện thoại cả ngày dài mà không lo hết pin nhờ viên pin dung lượng lớn 5000mAh."
Samsung Galaxy Z Fold6 12GB 1TB,52.990.000đ,54.990.000đ,Giảm 4%,Không phí chuyển đổi khi trả góp 0% qua thẻ tín dụng kỳ hạn 3-6 tháng,7.6 inches,12 GB,1 TB,null,null,"Màn hình chính Dynamic AMOLED 2X 7.6 inch cho trải nghiệm giải trí, làm việc đỉnh cao. | Chip Snapdragon 8 Gen 3 cho tốc độ xử lý siêu nhanh, đáp ứng tốt mọi nhu cầu sử dụng. | Camera chính 50.0 MP ghi lại những khoảnh khắc đẹp với độ chi tiết, màu sắc ấn tượng. | Pin 4400mAh cho phép bạn sử dụng điện thoại cả ngày dài mà không cần lo lắng về việc hết pin."
vivo V29E 8GB 256GB,7.990.000đ,8.990.000đ,Giảm 11%,"Trả góp 0% lãi suất, không trả trước, không phụ phí qua Shinhan Finance",6.67 inches,8 GB,256 GB,3,5/5,"Hiệu năng vượt trội với chip Snapdragon 695 - Giúp bạn xử lý các tác vụ mượt mà không cần phải lo lắng có bị giật, lag. | Màn hình Sunlight AMOLED 120Hz - Cho hình ảnh sắc nét, màu sắc tươi sáng, trung thực. | Pin khủng kèm sạc siêu siêu tốc 44W - Giúp bạn sử dụng thoải mái trong vòng hai ngày.  | Cụm camera được cải tiến giúp quay video và chụp ra bức ảnh rất tốt, hài hòa, sống động hơn."
Samsung Galaxy Z Fold6 12GB 512GB,42.490.000đ,47.990.000đ,Giảm 11%,Không phí chuyển đổi khi trả góp 0% qua thẻ tín dụng kỳ hạn 3-6 tháng,7.6 inches,12 GB,512 GB,null,null,"Màn hình chính Dynamic AMOLED 2X 7.6 inch mang đến trải nghiệm hình ảnh tuyệt vời, với độ phân giải cao. | Chip Snapdragon 8 Gen 3 cho tốc độ xử lý siêu nhanh, đáp ứng tốt mọi nhu cầu sử dụng một cách mượt mà.  | Camera trước 10MP cho phép bạn chụp ảnh selfie chất lượng cao và thực hiện các cuộc gọi video rõ ràng. | Samsung Galaxy Z Fold6 có thiết kế sang trọng và cao cấp, với khung viền nhôm và mặt lưng kính cường lực."
Samsung Galaxy S21 FE 8GB 128GB,15.500.000đ,16.990.000đ,Giảm 9%,Không phí chuyển đổi khi trả góp 0% qua thẻ tín dụng kỳ hạn 3-6 tháng,6.4 inches,8 GB,128 GB,6,5/5," Thiết kế cao cấp - Vẻ đẹp tinh tế cùng nhiều màu sắc thời thượng |  Trọn vẹn từng khung hình - Màn hình 6.4"", độ sáng cao cùng tần số quét 120Hz |  Sắc nét từng khung hình - Bộ ba camera 12MP, hỗ trợ quay video 4K, chống rung điện từ EIS |  Mượt mà mọi tác vụ - Chip Exynos 2100 tiến trình 5nm mạnh mẽ"
TECNO POVA 5 (8GB - 256GB),4.390.000đ,5.290.000đ,Giảm 17%,Không phí chuyển đổi khi trả góp 0% qua thẻ tín dụng kỳ hạn 3-6 tháng,6.78 inches,8 GB,256 GB,6,5/5,"Thiết kế mạnh mẽ, lạ mắt với mặt lưng phẳng đi kèm các họa tiết độc đáo. | Dung lượng pin cao 6000mAh - Sẵn sàng cho bạn chiến các tựa game mà không bị gián đoạn. | Màn hình 6.78 inches, hỗ trợ độ phân giải 1080 x 2460 pixel - Chất lượng hình ảnh mượt mà, sắc nét. | Chip xử lý Helio G99 (6nm) - Cung cấp sức mạnh giúp bạn đáp ứng tốt mọi tác vụ."
vivo Y03 4GB 64GB,2.990.000đ,N/A,N/A,Quyền lợi bảo hành Vip 12 tháng 1 đổi 1 tại CellphoneS,6.56 inches,4GB + Mở rộng 4GB,64 GB,null,null,"Trải nghiệm giải trí cực sống động với màn hình rộng 6.56 inch cùng độ phân giải HD. | Dung lượng ấn tượng lên đến 5000 mAh cùng sạc nhanh 15W - Thoải mái sử dụng trong nhiều giờ đồng hồ. | Nhiếp ảnh chuyên nghiệp, nắm giữ tuyệt tác trong tầm tay với camera chính 13MP. | Hỗ trợ cổng sạc Type C giúp sạc đầy thiết bị một cách nhanh chóng, tiết kiệm thời gian, truyền tải dữ liệu đón đầu xu hướng tương lai."
Itel S23 8GB 256GB,2.490.000đ,3.990.000đ,Giảm 38%,Quyền lợi bảo hành Vip 12 tháng 1 đổi 1 tại CellphoneS,6.6 inches,8 GB,256 GB,3,5/5,"Tốc độ làm mới màn hình 90Hz cho phép bạn trải nghiệm hình ảnh sắc nét, chân thật | Camera 50MP giúp bạn có được những bức ảnh chi tiết, đầy màu sắc | RAM 8GB cùng ổ cứng 256GB cho phép bạn thoải mái lưu trữ dữ liệu, hình ảnh | Dung lượng pin trâu 5000 mAh cho phép bạn thoải mái chơi game, xem phim"
OPPO A78 4G (8GB 256GB),6.990.000đ,N/A,N/A,"Trả góp 0% lãi suất, không trả trước, không phụ phí qua Shinhan Finance",6.43 inches,8 GB,256 GB,3,5/5," Nâng cấp không gian giải trí cực sắc nét - Màn hình 6.43 inches, tần số quét 90hz |  Hiệu năng ổn định, xử lí tác vụ mượt mà - Chip Qualcomm Snapdragon 680, RAM 8GB |  Chụp ảnh thoả sức, sáng tạo hết mức - Camera 50 MP cùng nhiều chế độ xử lí thông minh |  Pin trâu dùng thoải mái cả ngày - Dung lượng pin 5000 mAh cùng sạc nhanh siêu tốc"
OPPO A58 8GB 128GB,5.190.000đ,5.490.000đ,Giảm 5%,"Trả góp 0% lãi suất, không trả trước, không phụ phí qua Shinhan Finance",6.72 inches,8 GB,128 GB,null,null,"Bộ vi xử lý MediaTek Helio G85 8 nhân cho hiệu năng mạnh mẽ để xử lý các tác vụ đa nhiệm, chơi game mượt mà và chỉnh sửa ảnh/video chuyên nghiệp. | RAM 8GB và bộ nhớ trong 128GB cho khả năng lưu trữ thoải mái và đa nhiệm mượt mà. | Màn hình 6.72 inch với tần số quét 60Hz cho trải nghiệm xem phim, chơi game mượt mà và sống động. |  Pin 5000mAh cho phép bạn sử dụng điện thoại cả ngày dài mà không lo hết pin."
Infinix Hot 30i 8GB 128GB,2.400.000đ,3.290.000đ,Giảm 27%,,6.6 inches,8GB + Mở rộng 8GB,128 GB,24,5/5,"Thiết kế thời thượng với các cạnh viền được hoàn thiện vuông vức đẹp mắt | Tích hợp công nghệ mở rộng RAM nâng tổng dung lượng RAM lên đến 16 GB | Màn hình 6.56 inch tần số quét 90 Hz mang đến trải nghiệm mượt mà, trơn tru | Dung lượng pin 5.000 mAh cung cấp năng lượng cả ngày không lo gián đoạn"
OPPO A77s 8GB 128GB,5.190.000đ,6.290.000đ,Giảm 17%,"Trả góp 0% lãi suất, không trả trước, không phụ phí qua Shinhan Finance",6.56 inches,8 GB,128 GB,2,5/5," Nâng tầm trải nghiệm thị giác - Tấm nền IPS LCD với kích thước 6.56 inch, tần số quét 90Hz |  Năng lượng tiếp sức cho cả ngày dài - 5000 mAh, sạc siêu nhanh SuperVOOC 33 W |  Long lanh từ trong ra ngoài với thiết kế OPPO Glow, mặt lưng hoàn thiện từ thủy tinh hữu cơ |  Trải nghiệm ổn định mọi tác vụ - Chip Snapdragon 680 8, RAM 8 GB và khả năng mở rộng RAM"
Samsung Galaxy Z Flip4 128GB,23.990.000đ,N/A,N/A,Không phí chuyển đổi khi trả góp 0% qua thẻ tín dụng kỳ hạn 3-6 tháng,6.7 inches,8 GB,128 GB,2,5/5," Ngoại hình thời trang - cầm nắm cực sang với thiết kế gập vỏ sò độc đáo |  Công nghệ màn hình hàng đầu đến từ Samsung - 6.7 inch, tấm nền Dynamic AMOLED 2X |  Trang bị camera chất lượng - Bộ đôi camera có cùng độ phân giải 12 MP, chống rung, chụp đêm |  Hiệu năng mạnh mẽ đến từ dòng chip cao cấp của Qualcomm - Snapdragon 8+ Gen 1"
TECNO Camon 20,4.990.000đ,N/A,N/A,Không phí chuyển đổi khi trả góp 0% qua thẻ tín dụng kỳ hạn 3-6 tháng,6.67 inches,8 GB,256 GB,1,5/5,"Thực hiện tốt đa tác vụ cùng lúc với bộ vi xử lý Helio G85 và dung lượng RAM lên đến 8 GB | Hệ thống 2 camera sau có độ phân giải lên đến 64 MP giúp bắt trọn mọi khoảnh khắc nổi bật | Chiêm ngưỡng hình ảnh chất lượng cao nhờ vào tấm nền AMOLED, độ phân giải Full HD+ | Viền siêu mỏng kết hợp với màn hình kích thước 6.67 inch cho không gian hiển thị rộng lớn"
